


/* USER INSERTIONS */


/* GameOfTHrones */

INSERT INTO Utente VALUES ('YouKnowNothing', 'h7eRl97T', 'Jon', 'Snow', '02/10/1997', 'Winterfell', false , '3986665289', 'S4557890', 'Filosofia','premium' );
INSERT INTO Utente VALUES ('LupoSolitario', 'h9fQl966', 'Arya', 'Stark', '25/01/1995', 'Winterfell', true , '3996876528', 'S4265782', 'Chimica','standard' );
INSERT INTO Utente VALUES ('PortamiDelVino', 'AlloraVaERiempilo', 'Robert', 'Baratheon', '10/01/1969', 'Storm''s End', true , '3441076528', 'S4290882', 'Stregoneria','standard' );
INSERT INTO Utente VALUES ('Inginocchiati', 'JJJo98hh7G', 'Daenerys', 'Targaryen', '29/06/2000', 'Dragon''s Stone', false , '3116806828', 'S4493782', 'Informatica','premium' );
INSERT INTO Utente VALUES ('IoSonoReek', 'h00GGl966', 'Theon', 'Greyjoy', '13/12/1991', 'Iron Islands', true , '0805458731', 'S9944367', 'Filosofia','standard' );
INSERT INTO Utente VALUES ('Hodor', 'HoldTheDoor', 'Wylis', 'Hodor', '18/10/1985', 'Winterfell', false , '8980458731', 'S0009071', 'Filosofia','standard' );


/* TheWalkingDead */

INSERT INTO Utente VALUES ('MortoCheCammina', 'd5eRo93W', 'Glenn', 'Rhee', '21/12/1983', 'Yeun Sang-yeop', false , '3419535289', 'S4297611', 'Informatica', 'premium');
INSERT INTO Utente VALUES ('LaMiaLucille', 'h7eRl97T', 'Negan', 'Morgan', '22/04/1966', 'Seattle', false , '398667933', 'S8364027', 'Informatica' , 'premium');
INSERT INTO Utente VALUES ('RealLeader', 'Glenn<3', 'Maggie', 'Greene', '16/08/1990', 'Atlanta', true , '119891245', 'S8360007', 'Informatica' , 'standard');
INSERT INTO Utente VALUES ('MercyPrevailsWrath', 'Kd6vCRl97B', 'Rick', 'Grimes', '17/02/1971', 'Atlanta', false , '002324354', 'S8361717', 'Chimica' , 'premium');
INSERT INTO Utente VALUES ('InfiniteArrows', 'h7eRl97T', 'Daryl', 'Dixon', '15/02/1997', 'Atlanta', false , '398668881', 'S6661227', 'Chimica' , 'standard');
INSERT INTO Utente VALUES ('BulletMaker', 'coraggio131', 'Eugene', 'Porter', '22/04/1966', 'Atlanta', false , '8471214641', 'S8096017', 'Stregoneria' , 'standard');

/* BreakingBad */

INSERT INTO Utente VALUES ('BlueMeth22', 's3jPl912', 'Jesse', 'Pinkman', '08/03/1998', 'Albuquerque', true , '3996876528', 'S4265782', 'Chimica', 'standard');

/* OrangeIsTheNewBlack */

INSERT INTO Utente VALUES ('UsatoChePiace', 'k1jGlkd6', 'Piper', 'Chapman', '06/11/1980', 'Boston', true , '3996000221', 'S4261295', 'Economia' , 'standard');
INSERT INTO Utente VALUES ('CantaStorie', 'l0jHlhd23', 'Suzanne', 'Warren', '10/09/1992', 'Boston', true , '3468981810', 'S4325914', 'Economia', 'premium' );
INSERT INTO Utente VALUES ('Red', 'Priviet123', 'Galina', 'Reznikov', '08/06/1961', 'Mosca', false , '1234567090', 'S2348901', 'Economia', 'standard' );
INSERT INTO Utente VALUES ('Morello', 'GJ8H8Jhkkh53', 'Lorna', 'Muccio', '12/08/1986', 'Bari', false , '1232345231', 'S2324231', 'Stregoneria', 'standard' );
INSERT INTO Utente VALUES ('Taystee', 'GAJhj848hs', 'Tasha', 'Jefferson', '17/11/1983', 'Chicago', true , '970707330', 'S2001901', 'Informatica', 'premium' );
INSERT INTO Utente VALUES ('Pennsatucky', 'jskJK893As', 'Tiffany', 'Doggett', '19/03/1989', 'Alabama', false , '1231190749', 'S2348838', 'Chimica', 'standard' );


/* GuardiansOfTheGalaxy */

INSERT INTO Utente VALUES ('IAmGroot', 'I Am Groot', 'I Am', 'Groot', '06/11/1988', 'I Am Groot', true , '399765553', 'S89071134', 'IAmGroot' , 'standard');
INSERT INTO Utente VALUES ('StarLord', 'GhOOgj830', 'Peter Jason', 'Quill', '30/01/1965', 'Denver', true , '399765432', 'S8907319', 'Filosofia' , 'premium');
INSERT INTO Utente VALUES ('DontKnowWhereSoulGemIs', 'Khdo97jd54', 'Gamora', 'Ben Titan', '23/09/1999', 'Planet Zen-Whoberi', true , '3996663331', 'S8395512', 'Informatica', 'standard' );
INSERT INTO Utente VALUES ('Boomer', 'htT67yygj990', 'Rocket', 'Raccoon', '06/11/1997', 'Somewhere in the space', true , '909765332', 'S0277319', 'Informatica' , 'premium');
INSERT INTO Utente VALUES ('DraxTheDestroyer', '1111j830', 'Arthur Sampson', 'Douglas', '30/10/1975', 'Planet889', false , '099111131', 'S8906543', 'Filosofia' , 'standard');
INSERT INTO Utente VALUES ('Nebula', 'gygyg6ygj990', 'Karen', 'Gillan', '11/03/1987', 'Somewhere in the space', true , '917775332', 'S9077318', 'Stregoneria' , 'standard');
INSERT INTO Utente VALUES ('LordThanos', 'GG6J9Khgj990', 'Thanos', 'Gillan', '27/07/1995', 'Titan', true , '919075330', 'S90776668', 'Chimica' , 'premium');


/* HarryPotter */

INSERT INTO Utente VALUES ('Pagina394', 'TiOdioPotter', 'Severus', 'Piton', '01/09/1960', 'Eileen Prince', false , '3771234568', 'S4356013', 'Stregoneria', 'premium' );
INSERT INTO Utente VALUES ('Polisucco61', 'Mad-eye11', 'Alastor', 'Moody', '21/09/1961', 'Somewhere in Scotland', false , '3359916523', 'S5491132', 'Stregoneria', 'standard' );
INSERT INTO Utente VALUES ('OhSieteNeiGuaiStaVolta', 'ScalePiaceCambiare', 'Argus', 'Gazza', '23/12/1954', 'Diagon Alley', true , '3771000561', 'S8885013', 'Economia', 'standard' );
INSERT INTO Utente VALUES ('MiDispiaceNeville', 'HHdji84Jk', 'Luna', 'Lovegood', '23/07/1999', 'Devon', false , '3159910005', 'S5001132', 'Informatica', 'standard' );
INSERT INTO Utente VALUES ('LordVoldemort', 'AvadaKedavra', 'Tom Marvolo', 'Riddle', '26/04/1971', 'London', false , '8879916123', 'S5091092', 'Filosofia', 'premium' );
INSERT INTO Utente VALUES ('PerchèSeguiteIRagni?', 'paperella14', 'Ronald', 'Weasley', '03/05/1998', 'London', true , '8879522123', 'S8884230', 'Filosofia', 'standard' );
INSERT INTO Utente VALUES ('ElfoLibero', 'Calzino', 'Dobby', 'NoSurname', '09/06/2001', 'London', true , '8811266123', 'S88001120', 'Chimica', 'standard' );

/* LordOfRings */

INSERT INTO Utente VALUES ('HobbitCoraggioso', '748hdi8HF89', 'Bilbo', 'Baggins', '22/05/1930', 'Hobbiton', false , '339291755', 'S8229951', 'Stregoneria', 'premium' );
INSERT INTO Utente VALUES ('PiediPiatti', '748hjdii30H', 'Frodo', 'Baggins', '28/09/1980', 'Hobbiton', true , '849382999', 'S91123951', 'Chimica', 'standard' );
INSERT INTO Utente VALUES ('StupidiNani', '84j8fj49jgGG', 'Legolas', 'Sindarin', '22/07/1969', 'Woodland Realm', false , '184180000', 'S0021951', 'Informatica', 'premium' );
INSERT INTO Utente VALUES ('YouShallNotPass', '84849dFFgGG', 'Gandalf', 'Iosonomago', '12/03/1958', 'Everywhere', true , '184181230', 'S1121974', 'Filosofia', 'standard' );
INSERT INTO Utente VALUES ('MyTReasure', 'Ilmiotesoro', 'Gollum', 'Smeagol', '01/01/1900', 'Campo Gaggiolo', false, '012854954', 'S4000012', 'Stregoneria', 'standard');
INSERT INTO Utente VALUES ('NonHoPiùFantasia', 'KSI7dh923', 'Sauron', 'TheRingHolder', '24/12/1952', 'Wano no kuni', false , '8402803343', 'S011092', 'Economia', 'standard' );



/* DarkSoul */

INSERT INTO Utente VALUES ('SoEaslyForgotten', '7119dhu38', 'Furtive', 'Pygmy ', '19/02/1978', 'The Abyss', true , '3155316573', 'S5191137', 'Chimica', 'standard' );
INSERT INTO Utente VALUES ('PraiseTheSun', '737jfin438', 'Solaire', 'Of Astora', '15/04/1982', 'Astora', true , '3177416571', 'S6691130', 'Filosofia', 'premium' );
INSERT INTO Utente VALUES ('BraveWarrior', '735fnj49jJ', 'Siegmeyer', 'Of Catarina', '15/04/1982', 'Catarina', false , '3117999467', 'S6953138', 'Economia', 'premium' );
INSERT INTO Utente VALUES ('TheDragonDuke', 'HJJ87HG8', 'Seath', 'Scaleless', '03/04/1977', 'Olacile', true , '7969696932', 'S6666110', 'Filosofia', 'standard' );
INSERT INTO Utente VALUES ('TheChosenUndead', '709063gjj89pJ', 'Artorias', 'Abysswalker', '09/11/1993', 'Astora', false , '0089839467', 'S1231238', 'Stregoneria', 'standard' );
INSERT INTO Utente VALUES ('NamelessKing', '930djo8979', 'Ornstein', 'DragonSlayer', '05/03/1994', 'Anor Londo', true , '9057474768', 'S1238805', 'Chimica', 'premium' );

/* looney tunes */
INSERT INTO Utente VALUES ('EhmCheSuccedeAmico?', '84039f400380', 'Bugs', 'Bunny', '14/04/1994', 'on television', false , '9494949493', 'S9475612', 'Chimica', 'premium' );
INSERT INTO Utente VALUES ('SuperDaffy', '749302he83', 'Daffy', 'Duck', '02/02/1986', 'on television', true , '8504803903', 'S07585901', 'Informatica', 'standard' );
INSERT INTO Utente VALUES ('MiESemblatoDiVedele', '84039f400380', 'Titti', 'SonoMaschio', '21/05/1990', 'on televiosion', false , '8504897913', 'S06665901', 'Economia', 'standard' );
INSERT INTO Utente VALUES ('MirameArriba', '84039f400380', 'Speedy', 'Gonzales', '06/09/1979', 'on television' , true , '7940303030', 'S84403020', 'Chimica', 'premium' );
INSERT INTO Utente VALUES ('AcmeFanBoy','iWillCatchYou', 'Wile', 'Coyote', '07/08/1981', 'on television', false , '112334793', 'S0750902', 'Filosofia', 'standard' );
INSERT INTO Utente VALUES ('BipBip', '848fj84jd8HHs', 'Road', 'Runner', '11/10/1978', 'on television' , false , '234632453', 'S0490840', 'Stregoneria', 'premium' );



/* Varie */

INSERT INTO Utente VALUES ('CapitanJackSparrow', 'ilRum00', 'Jack', 'Sparrow', '12/12/1985', 'IslaDeMuerta', true, '366845742', 'S4875124', 'Ingegneria navale', 'premium');
INSERT INTO Utente VALUES ('IlCornoBlu', 'lasciatoallaaltare', 'Ted', 'Mosby', '03/05/1980', 'New York', true, '624154896', 'S7845620', 'Architettura', 'standard');
INSERT INTO Utente VALUES ('IlDottore', 'IdontWantToGo', 'John', 'Smith', '11/03/1945', 'Gallifrey', false, '326978400', 'S1036487', 'Medicina', 'premium');
INSERT INTO Utente VALUES ('BadWolf', 'iloveyou', 'Rose', 'Tyler', '26/03/1989', 'Londra', false, '3669514784', 'S4598742', 'Letteratura', 'standard');
INSERT INTO Utente VALUES ('Sherlocked', 'password', 'John', 'Watson', '04/04/1975', 'Edimburgo', true, '4985252144', 'S4545986', 'Medicina', 'premium');
INSERT INTO Utente VALUES ('Sociopath', 'elementareWatson', 'Sherlock', 'Holmes', '17/08/1975', 'Londra', false, '4984578966', 'S4457899', 'Giurisprudenza', 'premium');
INSERT INTO Utente VALUES ('PrepareToDie', 'seemadecentfellow', 'Inigo', 'Motoya', '18/11/1981', 'Granada', true, '6589874114', 'S4444659', 'Storia', 'standard');
INSERT INTO Utente VALUES ('Machete', 'kill', 'Danny', 'Trejo', '26/08/1990', 'Siviglia', false, '6598745633', 'S4698570', 'Ingegneria meccanica', 'premium');
INSERT INTO Utente VALUES ('CavaliereCipolla', 'mioLegittimoRe', 'Davos', 'Seaworth', '29/01/1995', 'Continente libero', false, '3598777412', 'S4556654', 'Ingegneria navale', 'standard');
INSERT INTO Utente VALUES ('GodFoodEater', 'lapiadeina', 'Pdor', 'Kmer', '02/06/1964', 'Pnigheran', false, '9876857454', 'S4635223', 'Giurisprudenza', 'premium');
INSERT INTO Utente VALUES ('EriComeUnFratello', 'yolo', 'Obi-wan', 'Kenobi', '15/10/1989', 'Coruscant', false, '8795565326', 'S4856969','Economia', 'premium');
INSERT INTO Utente VALUES ('DarkLord', 'Shhwwahshh', 'Anakin', 'Skywalker', '22/03/1969', 'Tatooine', false, '8796558599', 'S4758965','Informatica', 'standard');


----------------------------------------------------------------------------------------------------------------------------------------------------------------------------------------

/* Categories */



INSERT INTO Categoria VALUES ('Calcio', 'vince la squadra che totalizza più goal',32,true);
INSERT INTO Categoria VALUES ('Tennis', 'vince chi totalizza più punti', 2);
INSERT INTO Categoria VALUES ('Pallavolo', 'vince chi fa più punti',24);
INSERT INTO Categoria VALUES ('PingPong', 'vince chi fa più punti',2);
INSERT INTO Categoria VALUES ('Quiddich','vince chi cattura il boccino d''oro', 12);
INSERT INTO Categoria VALUES ('Scacchi','vince chi fa scacco matto',2 ,true);




/* Teams */

/*Quiddich*/

INSERT INTO Squadra VALUES('The North Remembers','Quiddich','YouKnowNothing',12,6,'bianco','The King of the north');
INSERT INTO Squadra VALUES('Guardians of the Galaxy','Quiddich','StarLord',12,6,'rosso','Rocket mi ha rubato di nuovo il pc?');
INSERT INTO Squadra VALUES('Ordine della Fenice','Quiddich','Pagina394',12,6,'verde','Giuro solennemente di non avere buone intenzioni');
INSERT INTO Squadra VALUES('Compagnia dell''anello', 'Quiddich','HobbitCoraggioso',12,6,'viola','il mio tesoro');
INSERT INTO Squadra VALUES('Team Alexandria','Quiddich','LaMiaLucille',12,6,'giallo','Ambarabaccicicoco');
INSERT INTO Squadra VALUES('Virtus Piscatella', 'Quiddich','CantaStorie',12,6,'blu','Crazy eyes');
INSERT INTO Squadra VALUES('Space Jam', 'Quiddich','EhmCheSuccedeAmico?',12,6,'azzurro','i like carrots');
INSERT INTO Squadra VALUES('Izalith Deamons', 'Quiddich','PraiseTheSun',12,6,'arancione','Let the flame guide your way');



/*Calcio */

INSERT INTO Squadra VALUES('The North Remembers','Calcio','YouKnowNothing',30,6,'bianco','The King of the north');
INSERT INTO Squadra VALUES('Guardians of the Galaxy','Calcio','StarLord',30,6,'rosso','Rocket mi ha rubato di nuovo il pc?');
INSERT INTO Squadra VALUES('Ordine della Fenice','Calcio','Pagina394',30,6,'verde','Giuro solennemente di non avere buone intenzioni');
INSERT INTO Squadra VALUES('Compagnia dell''anello', 'Calcio','HobbitCoraggioso',30,6,'viola','il mio tesoro');
INSERT INTO Squadra VALUES('Team Alexandria','Calcio','LaMiaLucille',30,6,'giallo','Ambarabaccicicoco');
INSERT INTO Squadra VALUES('Virtus Piscatella', 'Calcio','CantaStorie',30,6,'blu','Crazy eyes');
INSERT INTO Squadra VALUES('Space Jam', 'Calcio','EhmCheSuccedeAmico?',30,6,'azzurro','i like carrots');
INSERT INTO Squadra VALUES('Izalith Deamons', 'Calcio','PraiseTheSun',30,6,'arancione','Let the flame guide your way');


/*pallavolo*/

INSERT INTO Squadra VALUES('The North Remembers','Pallavolo','YouKnowNothing',20,6,'bianco','The King of the north');
INSERT INTO Squadra VALUES('Guardians of the Galaxy','Pallavolo','StarLord',20,6,'rosso','Rocket mi ha rubato di nuovo il pc?');
INSERT INTO Squadra VALUES('Ordine della Fenice','Pallavolo','Pagina394',20,6,'verde','Giuro solennemente di non avere buone intenzioni');
INSERT INTO Squadra VALUES('Compagnia dell''anello', 'Pallavolo','HobbitCoraggioso',20,6,'viola','il mio tesoro');
INSERT INTO Squadra VALUES('Team Alexandria','Pallavolo','LaMiaLucille',20,6,'giallo','Ambarabaccicicoco');
INSERT INTO Squadra VALUES('Virtus Piscatella', 'Pallavolo','CantaStorie',20,6,'blu','Crazy eyes');
INSERT INTO Squadra VALUES('Space Jam', 'Pallavolo','EhmCheSuccedeAmico?',20,6,'azzurro','i like carrots');
INSERT INTO Squadra VALUES('Izalith Deamons', 'Pallavolo','PraiseTheSun',20,6,'arancione','Let the flame guide your way');



/* impianti */

INSERT INTO Impianto VALUES ('La Terra di mezzo','Baker street 21B','345692145','Orda@gmail.com',314.22,112.13);
INSERT INTO Impianto VALUES ('Accademia Beauxbaton','via dei babbani 14','333999838','Fleaur@gmail.com',390.22,10.43);
INSERT INTO Impianto VALUES ('Castel Granito','fondo delle pulci 24','345673845','HoldTheDoor@gmail.it',4.1,22.13);
INSERT INTO Impianto VALUES ('Terminus','via segui le rotaie 11','949490015','SafePlace@gmail.com',10,2.112);

/*///////////////////////////////TORNEO DI CALCIO /////////////////////////////////////////////////////////////////////

Partite :

	quarti finale :

	Guardiani vs North  4 - 1
	Ordine vs Compagnia  2 - 3
	Team Alexandria vs Virtus Piscatella 1 - 2
	Space Jam vs Izalith 2 - 5

	semifinali:

	North vs Compagnia 2 - 0
	Izalith vs Piscatella 3 - 4

	finale:

	North vs Piscatella 1 - 2
	______________________________________________________
	QUESTI DATI SONO UTILI PER IL TESTING POST PRODUZIONE


///////////////////////////////////////////////////////////////////////////////////////////////////////////////////////// */

INSERT INTO Torneo VALUES (00001,'È vietato uccidere','un torneo divertente!','eliminazione diretta','Calcio','Olivander wand',
						  'Coppa tre maghi','a squadre','YouKnowNothing');
--quarti finale--
INSERT INTO Evento VALUES(15689,'08/01/2018','chiuso',90,'Accademia Beauxbaton','Calcio','a squadre');--guard vs north
INSERT INTO Evento VALUES(15690,'08/01/2018','chiuso',90,'Terminus','Calcio','a squadre'); --ordine vs compagnia
INSERT INTO Evento VALUES(15691,'08/01/2018','chiuso',90,'Castel Granito','Calcio','a squadre'); -- alex vs piscatella
INSERT INTO Evento VALUES(15692,'08/01/2018','chiuso',90,'La Terra di mezzo','Calcio','a squadre');-- space vs izalith
--semifinale
INSERT INTO Evento VALUES(15693,'09/01/2018','chiuso',90,'Accademia Beauxbaton','Calcio','a squadre'); --north vs compagnia
INSERT INTO Evento VALUES(15694,'09/01/2018','chiuso',90,'Terminus','Calcio','a squadre');-- izalith vs piscatella

--finale
INSERT INTO Evento VALUES(15695,'15/01/2018','chiuso',90,'Castel Granito','Calcio','a squadre');--piscatella vs north

INSERT INTO SquadraPartecipaEv VALUES('Guardians of the Galaxy','Calcio',15689,1);
INSERT INTO SquadraPartecipaEv VALUES('The North Remembers','Calcio',15689,4);
INSERT INTO SquadraPartecipaEv VALUES('Ordine della Fenice','Calcio',15690,2);
INSERT INTO SquadraPartecipaEv VALUES('Compagnia dell''anello','Calcio',15690,3);
INSERT INTO SquadraPartecipaEv VALUES('Team Alexandria','Calcio',15691,1);
INSERT INTO SquadraPartecipaEv VALUES('Virtus Piscatella','Calcio',15691,2);
INSERT INTO SquadraPartecipaEv VALUES('Space Jam','Calcio',15692,2);
INSERT INTO SquadraPartecipaEv VALUES('Izalith Deamons','Calcio',15692,5);

INSERT INTO SquadraPartecipaEv VALUES('The North Remembers','Calcio',15693,2);
INSERT INTO SquadraPartecipaEv VALUES('Compagnia dell''anello','Calcio',15693,0);
INSERT INTO SquadraPartecipaEv VALUES('Izalith Deamons','Calcio',15694,3);
INSERT INTO SquadraPartecipaEv VALUES('Virtus Piscatella','Calcio',15694,4);

INSERT INTO SquadraPartecipaEv VALUES('The North Remembers','Calcio',15695,1);
INSERT INTO SquadraPartecipaEv VALUES('Virtus Piscatella','Calcio',15695,2);

INSERT INTO EventoInTorneo VALUES(00001,15689);
INSERT INTO EventoInTorneo VALUES(00001,15690);
INSERT INTO EventoInTorneo VALUES(00001,15691);
INSERT INTO EventoInTorneo VALUES(00001,15692);
INSERT INTO EventoInTorneo VALUES(00001,15693);
INSERT INTO EventoInTorneo VALUES(00001,15694);
INSERT INTO EventoInTorneo VALUES(00001,15695);

/*////////////////////////////////////////// FINE TORNEO /////////////////////////////////////////////////////// */


/* ///////////////////////////////TORNEO DI PALLAVOLO ///////////////////////////////////////////////////////////////////// 

Partite :

	quarti finale :

	Virtus vs North  3 - 1 (set)
	Alex vs Space  3 - 2 (2-2 set di spareggio)
	Izalith vs Compagnia 4 - 0
	Guardiani vs Ordine 3 - 1

	semifinali:

	Virtus vs Alex 3 - 1
	Izalith vs Guardiani 4 - 0

	finale:

	Izalith vs Piscatella 3 - 1
	______________________________________________________
	QUESTI DATI SONO UTILI PER IL TESTING POST PRODUZIONE


/////////////////////////////////////////////////////////////////////////////////////////////////////////////////////////// */

INSERT INTO Torneo VALUES (00002,'non ci sono regole','Dinckleberg!','eliminazione diretta','Pallavolo','Gotta catch''em all',
						  'Coppa di gelato','a squadre','LaMiaLucille');
--quarti finale--
INSERT INTO Evento VALUES(16689,'15/06/2018','chiuso',60,'Accademia Beauxbaton','Pallavolo','a squadre');
INSERT INTO Evento VALUES(16690,'15/06/2018','chiuso',60,'Terminus','Pallavolo','a squadre'); 
INSERT INTO Evento VALUES(16691,'15/06/2018','chiuso',60,'Castel Granito','Pallavolo','a squadre'); 
INSERT INTO Evento VALUES(16692,'15/06/2018','chiuso',60,'La Terra di mezzo','Pallavolo','a squadre');
--semifinale
INSERT INTO Evento VALUES(16693,'17/06/2018','chiuso',60,'Accademia Beauxbaton','Pallavolo','a squadre'); 
INSERT INTO Evento VALUES(16694,'17/06/2018','chiuso',60,'Terminus','Pallavolo','a squadre');

--finale
INSERT INTO Evento VALUES(16695,'24/06/2018','chiuso',60,'Castel Granito','Pallavolo','a squadre');

INSERT INTO SquadraPartecipaEv VALUES('Virtus Piscatella','Pallavolo',16689,3); -- si intende 3 set a 1
INSERT INTO SquadraPartecipaEv VALUES('The North Remembers','Pallavolo',16689,1);
INSERT INTO SquadraPartecipaEv VALUES('Team Alexandria','Pallavolo',16690,3);
INSERT INTO SquadraPartecipaEv VALUES('Space Jam','Pallavolo',16690,2);
INSERT INTO SquadraPartecipaEv VALUES('Izalith Deamons','Pallavolo',16691,4);
INSERT INTO SquadraPartecipaEv VALUES('Compagnia dell''anello','Pallavolo',16691,0);
INSERT INTO SquadraPartecipaEv VALUES('Guardians of the Galaxy','Pallavolo',16692,3);
INSERT INTO SquadraPartecipaEv VALUES('Ordine della Fenice','Pallavolo',16692,1);

INSERT INTO SquadraPartecipaEv VALUES('Virtus Piscatella','Pallavolo',16693,3);
INSERT INTO SquadraPartecipaEv VALUES('Team Alexandria','Pallavolo',16693,1);
INSERT INTO SquadraPartecipaEv VALUES('Izalith Deamons','Pallavolo',16694,4);
INSERT INTO SquadraPartecipaEv VALUES('Guardians of the Galaxy','Pallavolo',16694,0);

INSERT INTO SquadraPartecipaEv VALUES('Izalith Deamons','Pallavolo',16695,3);
INSERT INTO SquadraPartecipaEv VALUES('Virtus Piscatella','Pallavolo',16695,1);

INSERT INTO EventoInTorneo VALUES(00002,16689);
INSERT INTO EventoInTorneo VALUES(00002,16690);
INSERT INTO EventoInTorneo VALUES(00002,16691);
INSERT INTO EventoInTorneo VALUES(00002,16692);
INSERT INTO EventoInTorneo VALUES(00002,16693);
INSERT INTO EventoInTorneo VALUES(00002,16694);
INSERT INTO EventoInTorneo VALUES(00002,16695);

/* ////////////////////////////////////////// FINE TORNEO /////////////////////////////////////////////////////// */



/* /////////////////////////////// TORNEO DI SCACCHI ///////////////////////////////////////////////////////////////////// 

Partite :

	quarti finale :

	Reek vs Ohsieteneiguai  2 - 0 (ASSUMO CHE SIA UN TORNEO BEST OF 3 DI SCACCHI)
	groot vs pennatucky 2 - 1
	nonhopiufantasia vs youshallnotpass 2 - 0
	MercyPrevailsWrath vs bluemeth 2 - 0

	semifinali:

	Reek vs groot 1 - 2
	nonhopiufantasia vs MercyPrevailsWrath 0 - 2

	finale:

	MercyPrevailsWrath vs Groot 1- 2
	______________________________________________________
	QUESTI DATI SONO UTILI PER IL TESTING POST PRODUZIONE


/////////////////////////////////////////////////////////////////////////////////////////////////////////////////////////// */

INSERT INTO Torneo VALUES (00003,'Wizard''s chess,best of 3','Cavallo in E5','eliminazione diretta','Scacchi','Alchimisti di Stato',
						  'Pietra Filosofale','singolo','PraiseTheSun');
--quarti finale--
INSERT INTO Evento VALUES(17689,'21/03/2018','chiuso',15,'Accademia Beauxbaton','Scacchi','singolo');
INSERT INTO Evento VALUES(17690,'21/03/2018','chiuso',15,'Terminus','Scacchi','singolo'); 
INSERT INTO Evento VALUES(17691,'21/03/2018','chiuso',15,'Castel Granito','Scacchi','singolo'); 
INSERT INTO Evento VALUES(17692,'21/03/2018','chiuso',15,'La Terra di mezzo','Scacchi','singolo');
--semifinale
INSERT INTO Evento VALUES(17693,'25/3/2018','chiuso',15,'Accademia Beauxbaton','Scacchi','singolo'); 
INSERT INTO Evento VALUES(17694,'25/03/2018','chiuso',15,'Terminus','Scacchi','singolo');

--finale
INSERT INTO Evento VALUES(17695,'29/03/2018','chiuso',15,'Castel Granito','Scacchi','singolo');

INSERT INTO UtenteSingoloGioca VALUES ('IoSonoReek',17689,2);
INSERT INTO UtenteSingoloGioca VALUES ('OhSieteNeiGuaiStaVolta',17689,0);
INSERT INTO UtenteSingoloGioca VALUES ('IAmGroot',17690,2);
INSERT INTO UtenteSingoloGioca VALUES ('Pennsatucky',17690,1);
INSERT INTO UtenteSingoloGioca VALUES ('NonHoPiùFantasia',17691,2);
INSERT INTO UtenteSingoloGioca VALUES ('YouShallNotPass',17691,0);
INSERT INTO UtenteSingoloGioca VALUES ('BlueMeth22',17692,0);
INSERT INTO UtenteSingoloGioca VALUES ('MercyPrevailsWrath',17692,2);

INSERT INTO UtenteSingoloGioca VALUES ('IoSonoReek',17693,1);
INSERT INTO UtenteSingoloGioca VALUES ('IAmGroot',17693,2);
INSERT INTO UtenteSingoloGioca VALUES ('NonHoPiùFantasia',17694,0);
INSERT INTO UtenteSingoloGioca VALUES ('MercyPrevailsWrath',17694,2);


INSERT INTO UtenteSingoloGioca VALUES ('IAmGroot',17695,2);
INSERT INTO UtenteSingoloGioca VALUES ('MercyPrevailsWrath',17695,1);


INSERT INTO EventoInTorneo VALUES(00003,17689);
INSERT INTO EventoInTorneo VALUES(00003,17690);
INSERT INTO EventoInTorneo VALUES(00003,17691);
INSERT INTO EventoInTorneo VALUES(00003,17692);
INSERT INTO EventoInTorneo VALUES(00003,17693);
INSERT INTO EventoInTorneo VALUES(00003,17694);
INSERT INTO EventoInTorneo VALUES(00003,17695);

/* ////////////////////////////////////////// FINE TORNEO /////////////////////////////////////////////////////// */





/*  
                        error --> Premium Creator, correct it (test it before uploading)
                        
                        
INSERT INTO Squadra VALUES('I messicani', 'Calcio', 'Machete', 30,15, 'giallo', 'Los hermanos cansados');
INSERT INTO Squadra VALUES('Tardis', 'Calcio', 'IlDottore', 30,15,'blu', 'Mai una gioia');
INSERT INTO Squadra VALUES('Gli ultimi ad essere scelti', 'Calcio', 'CavaliereCipolla', 30,15,'bianco', 'Quelli che non erano bravi a ginnastica');
INSERT INTO Squadra VALUES('I messicani', 'Pallavolo', 'Machete', 20,12, 'giallo', 'Los hermanos cansados');
INSERT INTO Squadra VALUES('Tardis', 'Pallavolo', 'IlDottore', 20,12,'blu', 'Mai una gioia');
INSERT INTO Squadra VALUES('Gli ultimi ad essere scelti', 'Pallavolo', 'CavaliereCipolla',20,12,'bianco', 'Quelli che non erano bravi a ginnastica');
INSERT INTO Squadra VALUES('Il lato oscuro', 'Pallavolo', 'DarkLord', 20,12,'nero','We have cookies');
INSERT INTO Squadra VALUES('Il lato oscuro', 'Calcio', 'DarkLord', 30,15,'nero','We have cookies');
INSERT INTO Squadra VALUES('Il lato oscuro', 'Quiddich', 'DarkLord', 12,8,'nero','We have cookies');
INSERT INTO Squadra VALUES('I messicani', 'Quiddich', 'Machete', 12,8, 'giallo', 'Los hermanos cansados');
INSERT INTO Squadra VALUES('Tardis', 'Quiddich', 'IlDottore', 12,8,'blu', 'Mai una gioia');
INSERT INTO Squadra VALUES('Gli ultimi ad essere scelti', 'Quiddich', 'CavaliereCipolla', 12,8,'bianco', 'Quelli che non erano bravi a ginnastica');
*/

INSERT INTO Candidatura VALUES('accettata','YouKnowNothing','BlueMeth22','Ordine della Fenice','Quiddich');
