


/* USER INSERTIONS */


/* GameOfTHrones */

INSERT INTO Utente VALUES ('YouKnowNothing', 'h7eRl97T', 'Jon', 'Snow', '02/10/1997', 'Winterfell', false , '3986665289', 'S4557890', 'Filosofia','premium' );
INSERT INTO Utente VALUES ('LupoSolitario', 'h9fQl966', 'Arya', 'Stark', '25/01/1995', 'Winterfell', true , '3996876528', 'S4265782', 'Chimica','standard' );
INSERT INTO Utente VALUES ('PortamiDelVino', 'AlloraVaERiempilo', 'Robert', 'Baratheon', '10/01/1969', 'Storm''s End', true , '3441076528', 'S4290882', 'Stregoneria','standard' );
INSERT INTO Utente VALUES ('Inginocchiati', 'JJJo98hh7G', 'Daenerys', 'Targaryen', '29/06/2000', 'Dragon''s Stone', false , '3116806828', 'S4493782', 'Informatica','premium' );
INSERT INTO Utente VALUES ('IoSonoReek', 'h00GGl966', 'Theon', 'Greyjoy', '13/12/1991', 'Iron Islands', true , '0805458731', 'S9944367', 'Filosofia','standard' );
INSERT INTO Utente VALUES ('Hodor', 'HoldTheDoor', 'Wylis', 'Hodor', '18/10/1985', 'Winterfell', false , '8980458731', 'S0009071', 'Filosofia','standard' );


/* TheWalkingDead */

INSERT INTO Utente VALUES ('MortoCheCammina', 'd5eRo93W', 'Glenn', 'Rhee', '21/12/1983', 'Yeun Sang-yeop', false , '3419535289', 'S4297611', 'Informatica', 'premium');
INSERT INTO Utente VALUES ('LaMiaLucille', 'h7eRl97T', 'Negan', 'Morgan', '22/04/1966', 'Seattle', false , '398667933', 'S8364027', 'Informatica' , 'premium');
INSERT INTO Utente VALUES ('RealLeader', 'Glenn<3', 'Maggie', 'Greene', '16/08/1990', 'Atlanta', true , '119891245', 'S8360007', 'Informatica' , 'standard');
INSERT INTO Utente VALUES ('MercyPrevailsWrath', 'Kd6vCRl97B', 'Rick', 'Grimes', '17/02/1971', 'Atlanta', false , '002324354', 'S8361717', 'Chimica' , 'premium');
INSERT INTO Utente VALUES ('InfiniteArrows', 'h7eRl97T', 'Daryl', 'Dixon', '15/02/1997', 'Atlanta', false , '398668881', 'S6661227', 'Chimica' , 'standard');
INSERT INTO Utente VALUES ('BulletMaker', 'coraggio131', 'Eugene', 'Porter', '22/04/1966', 'Atlanta', false , '8471214641', 'S8096017', 'Stregoneria' , 'standard');

/* BreakingBad */

INSERT INTO Utente VALUES ('BlueMeth22', 's3jPl912', 'Jesse', 'Pinkman', '08/03/1998', 'Albuquerque', true , '3996876528', 'S4265782', 'Chimica', 'standard');

/* OrangeIsTheNewBlack */

INSERT INTO Utente VALUES ('UsatoChePiace', 'k1jGlkd6', 'Piper', 'Chapman', '06/11/1980', 'Boston', true , '3996000221', 'S4261295', 'Economia' , 'standard');
INSERT INTO Utente VALUES ('CantaStorie', 'l0jHlhd23', 'Suzanne', 'Warren', '10/09/1992', 'Boston', true , '3468981810', 'S4325914', 'Economia', 'premium' );
INSERT INTO Utente VALUES ('Red', 'Priviet123', 'Galina', 'Reznikov', '08/06/1961', 'Mosca', false , '1234567090', 'S2348901', 'Economia', 'standard' );
INSERT INTO Utente VALUES ('Morello', 'GJ8H8Jhkkh53', 'Lorna', 'Muccio', '12/08/1986', 'Bari', false , '1232345231', 'S2324231', 'Stregoneria', 'standard' );
INSERT INTO Utente VALUES ('Taystee', 'GAJhj848hs', 'Tasha', 'Jefferson', '17/11/1983', 'Chicago', true , '970707330', 'S2001901', 'Informatica', 'premium' );
INSERT INTO Utente VALUES ('Pennsatucky', 'jskJK893As', 'Tiffany', 'Doggett', '19/03/1989', 'Alabama', false , '1231190749', 'S2348838', 'Chimica', 'standard' );


/* GuardiansOfTheGalaxy */

INSERT INTO Utente VALUES ('IAmGroot', 'I Am Groot', 'I Am', 'Groot', '06/11/1988', 'I Am Groot', true , '399765553', 'S89071134', 'Chimica' , 'standard');
INSERT INTO Utente VALUES ('StarLord', 'GhOOgj830', 'Peter Jason', 'Quill', '30/01/1965', 'Denver', true , '399765432', 'S8907319', 'Filosofia' , 'premium');
INSERT INTO Utente VALUES ('DontKnowWhereSoulGemIs', 'Khdo97jd54', 'Gamora', 'Ben Titan', '23/09/1999', 'Planet Zen-Whoberi', true , '3996663331', 'S8395512', 'Informatica', 'standard' );
INSERT INTO Utente VALUES ('Boomer', 'htT67yygj990', 'Rocket', 'Raccoon', '06/11/1997', 'Somewhere in the space', true , '909765332', 'S0277319', 'Informatica' , 'premium');
INSERT INTO Utente VALUES ('DraxTheDestroyer', '1111j830', 'Arthur Sampson', 'Douglas', '30/10/1975', 'Planet889', false , '099111131', 'S8906543', 'Filosofia' , 'standard');
INSERT INTO Utente VALUES ('Nebula', 'gygyg6ygj990', 'Karen', 'Gillan', '11/03/1987', 'Somewhere in the space', true , '917775332', 'S9077318', 'Stregoneria' , 'standard');
INSERT INTO Utente VALUES ('LordThanos', 'GG6J9Khgj990', 'Thanos', 'Gillan', '27/07/1995', 'Titan', true , '919075330', 'S90776668', 'Chimica' , 'premium');


/* HarryPotter */

INSERT INTO Utente VALUES ('Pagina394', 'TiOdioPotter', 'Severus', 'Piton', '01/09/1960', 'Eileen Prince', false , '3771234568', 'S4356013', 'Stregoneria', 'premium' );
INSERT INTO Utente VALUES ('Polisucco61', 'Mad-eye11', 'Alastor', 'Moody', '21/09/1961', 'Somewhere in Scotland', false , '3359916523', 'S5491132', 'Stregoneria', 'standard' );
INSERT INTO Utente VALUES ('OhSieteNeiGuaiStaVolta', 'ScalePiaceCambiare', 'Argus', 'Gazza', '23/12/1954', 'Diagon Alley', true , '3771000561', 'S8885013', 'Economia', 'standard' );
INSERT INTO Utente VALUES ('MiDispiaceNeville', 'HHdji84Jk', 'Luna', 'Lovegood', '23/07/1999', 'Devon', false , '3159910005', 'S5001132', 'Informatica', 'standard' );
INSERT INTO Utente VALUES ('LordVoldemort', 'AvadaKedavra', 'Tom Marvolo', 'Riddle', '26/04/1971', 'London', false , '8879916123', 'S5091092', 'Filosofia', 'premium' );
INSERT INTO Utente VALUES ('PerchèSeguiteIRagni?', 'paperella14', 'Ronald', 'Weasley', '03/05/1998', 'London', true , '8879522123', 'S8884230', 'Filosofia', 'standard' );
INSERT INTO Utente VALUES ('ElfoLibero', 'Calzino', 'Dobby', 'NoSurname', '09/06/2001', 'London', true , '8811266123', 'S88001120', 'Chimica', 'standard' );

/* LordOfRings */

INSERT INTO Utente VALUES ('HobbitCoraggioso', '748hdi8HF89', 'Bilbo', 'Baggins', '22/05/1930', 'Hobbiton', false , '339291755', 'S8229951', 'Stregoneria', 'premium' );
INSERT INTO Utente VALUES ('PiediPiatti', '748hjdii30H', 'Frodo', 'Baggins', '28/09/1980', 'Hobbiton', true , '849382999', 'S91123951', 'Chimica', 'standard' );
INSERT INTO Utente VALUES ('StupidiNani', '84j8fj49jgGG', 'Legolas', 'Sindarin', '22/07/1969', 'Woodland Realm', false , '184180000', 'S0021951', 'Informatica', 'premium' );
INSERT INTO Utente VALUES ('YouShallNotPass', '84849dFFgGG', 'Gandalf', 'Iosonomago', '12/03/1958', 'Everywhere', true , '184181230', 'S1121974', 'Filosofia', 'standard' );
INSERT INTO Utente VALUES ('MyTReasure', 'Ilmiotesoro', 'Gollum', 'Smeagol', '01/01/1900', 'Campo Gaggiolo', false, '012854954', 'S4000012', 'Stregoneria', 'standard');
INSERT INTO Utente VALUES ('NonHoPiùFantasia', 'KSI7dh923', 'Sauron', 'TheRingHolder', '24/12/1952', 'Wano no kuni', false , '8402803343', 'S011092', 'Economia', 'standard' );



/* DarkSoul */

INSERT INTO Utente VALUES ('SoEaslyForgotten', '7119dhu38', 'Furtive', 'Pygmy ', '19/02/1978', 'The Abyss', true , '3155316573', 'S5191137', 'Chimica', 'standard' );
INSERT INTO Utente VALUES ('PraiseTheSun', '737jfin438', 'Solaire', 'Of Astora', '15/04/1982', 'Astora', true , '3177416571', 'S6691130', 'Filosofia', 'premium' );
INSERT INTO Utente VALUES ('BraveWarrior', '735fnj49jJ', 'Siegmeyer', 'Of Catarina', '15/04/1982', 'Catarina', false , '3117999467', 'S6953138', 'Economia', 'premium' );
INSERT INTO Utente VALUES ('TheDragonDuke', 'HJJ87HG8', 'Seath', 'Scaleless', '03/04/1977', 'Olacile', true , '7969696932', 'S6666110', 'Filosofia', 'standard' );
INSERT INTO Utente VALUES ('TheChosenUndead', '709063gjj89pJ', 'Artorias', 'Abysswalker', '09/11/1993', 'Astora', false , '0089839467', 'S1231238', 'Stregoneria', 'standard' );
INSERT INTO Utente VALUES ('NamelessKing', '930djo8979', 'Ornstein', 'DragonSlayer', '05/03/1994', 'Anor Londo', true , '9057474768', 'S1238805', 'Chimica', 'premium' );

/* looney tunes */
INSERT INTO Utente VALUES ('EhmCheSuccedeAmico?', '84039f400380', 'Bugs', 'Bunny', '14/04/1994', 'on television', false , '9494949493', 'S9475612', 'Chimica', 'premium' );
INSERT INTO Utente VALUES ('SuperDaffy', '749302he83', 'Daffy', 'Duck', '02/02/1986', 'on television', true , '8504803903', 'S07585901', 'Informatica', 'standard' );
INSERT INTO Utente VALUES ('MiESemblatoDiVedele', '84039f400380', 'Titti', 'SonoMaschio', '21/05/1990', 'on televiosion', false , '8504897913', 'S06665901', 'Economia', 'standard' );
INSERT INTO Utente VALUES ('MirameArriba', '84039f400380', 'Speedy', 'Gonzales', '06/09/1979', 'on television' , true , '7940303030', 'S84403020', 'Chimica', 'premium' );
INSERT INTO Utente VALUES ('AcmeFanBoy','iWillCatchYou', 'Wile', 'Coyote', '07/08/1981', 'on television', false , '112334793', 'S0750902', 'Filosofia', 'standard' );
INSERT INTO Utente VALUES ('BipBip', '848fj84jd8HHs', 'Road', 'Runner', '11/10/1978', 'on television' , false , '234632453', 'S0490840', 'Stregoneria', 'premium' );



/* Varie */

INSERT INTO Utente VALUES ('CapitanJackSparrow', 'ilRum00', 'Jack', 'Sparrow', '12/12/1985', 'IslaDeMuerta', true, '366845742', 'S4875124', 'Ingegneria navale', 'premium');
INSERT INTO Utente VALUES ('IlCornoBlu', 'lasciatoallaaltare', 'Ted', 'Mosby', '03/05/1980', 'New York', true, '624154896', 'S7845620', 'Architettura', 'standard');
INSERT INTO Utente VALUES ('IlDottore', 'IdontWantToGo', 'John', 'Smith', '11/03/1945', 'Gallifrey', false, '326978400', 'S1036487', 'Medicina', 'premium');
INSERT INTO Utente VALUES ('BadWolf', 'iloveyou', 'Rose', 'Tyler', '26/03/1989', 'Londra', false, '3669514784', 'S4598742', 'Letteratura', 'standard');
INSERT INTO Utente VALUES ('Sherlocked', 'password', 'John', 'Watson', '04/04/1975', 'Edimburgo', true, '4985252144', 'S4545986', 'Medicina', 'premium');
INSERT INTO Utente VALUES ('Sociopath', 'elementareWatson', 'Sherlock', 'Holmes', '17/08/1975', 'Londra', false, '4984578966', 'S4457899', 'Giurisprudenza', 'premium');
INSERT INTO Utente VALUES ('PrepareToDie', 'seemadecentfellow', 'Inigo', 'Motoya', '18/11/1981', 'Granada', true, '6589874114', 'S4444659', 'Storia', 'standard');
INSERT INTO Utente VALUES ('Machete', 'kill', 'Danny', 'Trejo', '26/08/1990', 'Siviglia', false, '6598745633', 'S4698570', 'Ingegneria meccanica', 'premium');
INSERT INTO Utente VALUES ('CavaliereCipolla', 'mioLegittimoRe', 'Davos', 'Seaworth', '29/01/1995', 'Continente libero', false, '3598777412', 'S4556654', 'Ingegneria navale', 'standard');
INSERT INTO Utente VALUES ('GodFoodEater', 'lapiadeina', 'Pdor', 'Kmer', '02/06/1964', 'Pnigheran', false, '9876857454', 'S4635223', 'Giurisprudenza', 'premium');
INSERT INTO Utente VALUES ('EriComeUnFratello', 'yolo', 'Obi-wan', 'Kenobi', '15/10/1989', 'Coruscant', false, '8795565326', 'S4856969','Economia', 'premium');
INSERT INTO Utente VALUES ('DarkLord', 'Shhwwahshh', 'Anakin', 'Skywalker', '22/03/1969', 'Tatooine', false, '8796558599', 'S4758965','Informatica', 'standard');


----------------------------------------------------------------------------------------------------------------------------------------------------------------------------------------

/* Categories */



INSERT INTO Categoria VALUES ('Calcio', 'vince la squadra che totalizza più goal',12,true);
INSERT INTO Categoria VALUES ('Tennis', 'vince chi totalizza più punti', 2);
INSERT INTO Categoria VALUES ('Pallavolo', 'vince chi fa più punti',12);
INSERT INTO Categoria VALUES ('PingPong', 'vince chi fa più punti',2);
INSERT INTO Categoria VALUES ('Quiddich','vince chi cattura il boccino d''oro', 12);
INSERT INTO Categoria VALUES ('Scacchi','vince chi fa scacco matto',2 ,true);




/* Teams */

/*Quiddich*/

INSERT INTO Squadra VALUES('The North Remembers','Quiddich','YouKnowNothing',12,6,'bianco','The King of the north');
INSERT INTO Squadra VALUES('Guardians of the Galaxy','Quiddich','StarLord',12,6,'rosso','Rocket mi ha rubato di nuovo il pc?');
INSERT INTO Squadra VALUES('Ordine della Fenice','Quiddich','Pagina394',12,6,'verde','Giuro solennemente di non avere buone intenzioni');
INSERT INTO Squadra VALUES('Compagnia dell''anello', 'Quiddich','HobbitCoraggioso',12,6,'viola','il mio tesoro');
INSERT INTO Squadra VALUES('Team Alexandria','Quiddich','LaMiaLucille',12,6,'giallo','Ambarabaccicicoco');
INSERT INTO Squadra VALUES('Virtus Piscatella', 'Quiddich','CantaStorie',12,6,'blu','Crazy eyes');
INSERT INTO Squadra VALUES('Space Jam', 'Quiddich','EhmCheSuccedeAmico?',12,6,'azzurro','i like carrots');
INSERT INTO Squadra VALUES('Izalith Deamons', 'Quiddich','PraiseTheSun',12,6,'arancione','Let the flame guide your way');



/*Calcio */

INSERT INTO Squadra VALUES('The North Remembers','Calcio','YouKnowNothing',12,6,'bianco','The King of the north');
INSERT INTO Squadra VALUES('Guardians of the Galaxy','Calcio','StarLord',12,6,'rosso','Rocket mi ha rubato di nuovo il pc?');
INSERT INTO Squadra VALUES('Ordine della Fenice','Calcio','Pagina394',12,6,'verde','Giuro solennemente di non avere buone intenzioni');
INSERT INTO Squadra VALUES('Compagnia dell''anello', 'Calcio','HobbitCoraggioso',12,6,'viola','il mio tesoro');
INSERT INTO Squadra VALUES('Team Alexandria','Calcio','LaMiaLucille',12,6,'giallo','Ambarabaccicicoco');
INSERT INTO Squadra VALUES('Virtus Piscatella', 'Calcio','CantaStorie',12,6,'blu','Crazy eyes');
INSERT INTO Squadra VALUES('Space Jam', 'Calcio','EhmCheSuccedeAmico?',12,6,'azzurro','i like carrots');
INSERT INTO Squadra VALUES('Izalith Deamons', 'Calcio','PraiseTheSun',12,6,'arancione','Let the flame guide your way');


/*pallavolo*/

INSERT INTO Squadra VALUES('The North Remembers','Pallavolo','YouKnowNothing',12,6,'bianco','The King of the north');
INSERT INTO Squadra VALUES('Guardians of the Galaxy','Pallavolo','StarLord',12,6,'rosso','Rocket mi ha rubato di nuovo il pc?');
INSERT INTO Squadra VALUES('Ordine della Fenice','Pallavolo','Pagina394',12,6,'verde','Giuro solennemente di non avere buone intenzioni');
INSERT INTO Squadra VALUES('Compagnia dell''anello', 'Pallavolo','HobbitCoraggioso',12,6,'viola','il mio tesoro');
INSERT INTO Squadra VALUES('Team Alexandria','Pallavolo','LaMiaLucille',12,6,'giallo','Ambarabaccicicoco');
INSERT INTO Squadra VALUES('Virtus Piscatella', 'Pallavolo','CantaStorie',12,6,'blu','Crazy eyes');
INSERT INTO Squadra VALUES('Space Jam', 'Pallavolo','EhmCheSuccedeAmico?',12,6,'azzurro','i like carrots');
INSERT INTO Squadra VALUES('Izalith Deamons', 'Pallavolo','PraiseTheSun',12,6,'arancione','Let the flame guide your way');



/* impianti */

INSERT INTO Impianto VALUES ('La Terra di mezzo','Baker street 21B','345692145','Orda@gmail.com',314.22,112.13);
INSERT INTO Impianto VALUES ('Accademia Beauxbaton','via dei babbani 14','333999838','Fleaur@gmail.com',390.22,10.43);
INSERT INTO Impianto VALUES ('Castel Granito','fondo delle pulci 24','345673845','HoldTheDoor@gmail.it',4.1,22.13);
INSERT INTO Impianto VALUES ('Terminus','via segui le rotaie 11','949490015','SafePlace@gmail.com',10,2.112);



/* CANDIDATURE ACCETTATE CALCIO */

INSERT INTO Candidatura VALUES('accettata','YouKnowNothing','LupoSolitario','The North Remembers','Calcio');
INSERT INTO Candidatura VALUES('accettata','LaMiaLucille','YouKnowNothing','The North Remembers','Calcio');
INSERT INTO Candidatura VALUES('accettata','YouKnowNothing','IoSonoReek','The North Remembers','Calcio');
INSERT INTO Candidatura VALUES('accettata','YouKnowNothing','Hodor','The North Remembers','Calcio');
INSERT INTO Candidatura VALUES('accettata','YouKnowNothing','PortamiDelVino','The North Remembers','Calcio');
INSERT INTO Candidatura VALUES('accettata','YouKnowNothing','Inginocchiati','The North Remembers','Calcio');


INSERT INTO Candidatura VALUES('accettata','StarLord','LordThanos','Guardians of the Galaxy','Calcio');
INSERT INTO Candidatura VALUES('accettata','YouKnowNothing','StarLord','Guardians of the Galaxy','Calcio');
INSERT INTO Candidatura VALUES('accettata','StarLord','DontKnowWhereSoulGemIs','Guardians of the Galaxy','Calcio');
INSERT INTO Candidatura VALUES('accettata','StarLord','Nebula','Guardians of the Galaxy','Calcio');
INSERT INTO Candidatura VALUES('accettata','StarLord','Boomer','Guardians of the Galaxy','Calcio');
INSERT INTO Candidatura VALUES('accettata','StarLord','IAmGroot','Guardians of the Galaxy','Calcio');

INSERT INTO Candidatura VALUES('accettata','Pagina394','Polisucco61','Ordine della Fenice','Calcio');
INSERT INTO Candidatura VALUES('accettata','LaMiaLucille','Pagina394','Ordine della Fenice','Calcio');
INSERT INTO Candidatura VALUES('accettata','Pagina394','OhSieteNeiGuaiStaVolta','Ordine della Fenice','Calcio');
INSERT INTO Candidatura VALUES('accettata','Pagina394','MiDispiaceNeville','Ordine della Fenice','Calcio');
INSERT INTO Candidatura VALUES('accettata','Pagina394','PerchèSeguiteIRagni?','Ordine della Fenice','Calcio');
INSERT INTO Candidatura VALUES('accettata','Pagina394','ElfoLibero','Ordine della Fenice','Calcio');

INSERT INTO Candidatura VALUES('accettata','HobbitCoraggioso','PiediPiatti','Compagnia dell''anello','Calcio');
INSERT INTO Candidatura VALUES('accettata','StupidiNani','HobbitCoraggioso','Compagnia dell''anello','Calcio');
INSERT INTO Candidatura VALUES('accettata','HobbitCoraggioso','StupidiNani','Compagnia dell''anello','Calcio');
INSERT INTO Candidatura VALUES('accettata','HobbitCoraggioso','YouShallNotPass','Compagnia dell''anello','Calcio');
INSERT INTO Candidatura VALUES('accettata','HobbitCoraggioso','MyTReasure','Compagnia dell''anello','Calcio');
INSERT INTO Candidatura VALUES('accettata','HobbitCoraggioso','NonHoPiùFantasia','Compagnia dell''anello','Calcio');

INSERT INTO Candidatura VALUES('accettata','LaMiaLucille','MortoCheCammina','Team Alexandria','Calcio');
INSERT INTO Candidatura VALUES('accettata','YouKnowNothing','LaMiaLucille','Team Alexandria','Calcio');
INSERT INTO Candidatura VALUES('accettata','LaMiaLucille','MercyPrevailsWrath','Team Alexandria','Calcio');
INSERT INTO Candidatura VALUES('accettata','LaMiaLucille','RealLeader','Team Alexandria','Calcio');
INSERT INTO Candidatura VALUES('accettata','LaMiaLucille','BulletMaker','Team Alexandria','Calcio');
INSERT INTO Candidatura VALUES('accettata','LaMiaLucille','InfiniteArrows','Team Alexandria','Calcio');

INSERT INTO Candidatura VALUES('accettata','Taystee','Pennsatucky','Virtus Piscatella','Calcio');
INSERT INTO Candidatura VALUES('accettata','CantaStorie','Taystee','Virtus Piscatella','Calcio');
INSERT INTO Candidatura VALUES('accettata','Taystee','CantaStorie','Virtus Piscatella','Calcio');
INSERT INTO Candidatura VALUES('accettata','Taystee','Red','Virtus Piscatella','Calcio');
INSERT INTO Candidatura VALUES('accettata','Taystee','Morello','Virtus Piscatella','Calcio');
INSERT INTO Candidatura VALUES('accettata','Taystee','UsatoChePiace','Virtus Piscatella','Calcio');

INSERT INTO Candidatura VALUES('accettata','EhmCheSuccedeAmico?','MirameArriba','Space Jam','Calcio');
INSERT INTO Candidatura VALUES('accettata','MirameArriba','EhmCheSuccedeAmico?','Space Jam','Calcio');
INSERT INTO Candidatura VALUES('accettata','EhmCheSuccedeAmico?','MiESemblatoDiVedele','Space Jam','Calcio');
INSERT INTO Candidatura VALUES('accettata','EhmCheSuccedeAmico?','SuperDaffy','Space Jam','Calcio');
INSERT INTO Candidatura VALUES('accettata','EhmCheSuccedeAmico?','AcmeFanBoy','Space Jam','Calcio');
INSERT INTO Candidatura VALUES('accettata','EhmCheSuccedeAmico?','BipBip','Space Jam','Calcio');

INSERT INTO Candidatura VALUES('accettata','NamelessKing','PraiseTheSun','Izalith Deamons','Calcio');
INSERT INTO Candidatura VALUES('accettata','PraiseTheSun','NamelessKing','Izalith Deamons','Calcio');
INSERT INTO Candidatura VALUES('accettata','NamelessKing','SoEaslyForgotten','Izalith Deamons','Calcio');
INSERT INTO Candidatura VALUES('accettata','NamelessKing','BraveWarrior','Izalith Deamons','Calcio');
INSERT INTO Candidatura VALUES('accettata','NamelessKing','TheDragonDuke','Izalith Deamons','Calcio');
INSERT INTO Candidatura VALUES('accettata','NamelessKing','TheChosenUndead','Izalith Deamons','Calcio');





/* CANDIDATURE ACCETTATE PALLAVOLO */

INSERT INTO Candidatura VALUES('accettata','YouKnowNothing','LupoSolitario','The North Remembers','Pallavolo');
INSERT INTO Candidatura VALUES('accettata','LaMiaLucille','YouKnowNothing','The North Remembers','Pallavolo');
INSERT INTO Candidatura VALUES('accettata','YouKnowNothing','IoSonoReek','The North Remembers','Pallavolo');
INSERT INTO Candidatura VALUES('accettata','YouKnowNothing','Hodor','The North Remembers','Pallavolo');
INSERT INTO Candidatura VALUES('accettata','YouKnowNothing','PortamiDelVino','The North Remembers','Pallavolo');
INSERT INTO Candidatura VALUES('accettata','YouKnowNothing','Inginocchiati','The North Remembers','Pallavolo');


INSERT INTO Candidatura VALUES('accettata','StarLord','LordThanos','Guardians of the Galaxy','Pallavolo');
INSERT INTO Candidatura VALUES('accettata','YouKnowNothing','StarLord','Guardians of the Galaxy','Pallavolo');
INSERT INTO Candidatura VALUES('accettata','StarLord','DontKnowWhereSoulGemIs','Guardians of the Galaxy','Pallavolo');
INSERT INTO Candidatura VALUES('accettata','StarLord','Nebula','Guardians of the Galaxy','Pallavolo');
INSERT INTO Candidatura VALUES('accettata','StarLord','Boomer','Guardians of the Galaxy','Pallavolo');
INSERT INTO Candidatura VALUES('accettata','StarLord','IAmGroot','Guardians of the Galaxy','Pallavolo');

INSERT INTO Candidatura VALUES('accettata','Pagina394','Polisucco61','Ordine della Fenice','Pallavolo');
INSERT INTO Candidatura VALUES('accettata','LaMiaLucille','Pagina394','Ordine della Fenice','Pallavolo');
INSERT INTO Candidatura VALUES('accettata','Pagina394','OhSieteNeiGuaiStaVolta','Ordine della Fenice','Pallavolo');
INSERT INTO Candidatura VALUES('accettata','Pagina394','MiDispiaceNeville','Ordine della Fenice','Pallavolo');
INSERT INTO Candidatura VALUES('accettata','Pagina394','PerchèSeguiteIRagni?','Ordine della Fenice','Pallavolo');
INSERT INTO Candidatura VALUES('accettata','Pagina394','ElfoLibero','Ordine della Fenice','Pallavolo');

INSERT INTO Candidatura VALUES('accettata','HobbitCoraggioso','PiediPiatti','Compagnia dell''anello','Pallavolo');
INSERT INTO Candidatura VALUES('accettata','StupidiNani','HobbitCoraggioso','Compagnia dell''anello','Pallavolo');
INSERT INTO Candidatura VALUES('accettata','HobbitCoraggioso','StupidiNani','Compagnia dell''anello','Pallavolo');
INSERT INTO Candidatura VALUES('accettata','HobbitCoraggioso','YouShallNotPass','Compagnia dell''anello','Pallavolo');
INSERT INTO Candidatura VALUES('accettata','HobbitCoraggioso','MyTReasure','Compagnia dell''anello','Pallavolo');
INSERT INTO Candidatura VALUES('accettata','HobbitCoraggioso','NonHoPiùFantasia','Compagnia dell''anello','Pallavolo');

INSERT INTO Candidatura VALUES('accettata','LaMiaLucille','MortoCheCammina','Team Alexandria','Pallavolo');
INSERT INTO Candidatura VALUES('accettata','YouKnowNothing','LaMiaLucille','Team Alexandria','Pallavolo');
INSERT INTO Candidatura VALUES('accettata','LaMiaLucille','MercyPrevailsWrath','Team Alexandria','Pallavolo');
INSERT INTO Candidatura VALUES('accettata','LaMiaLucille','RealLeader','Team Alexandria','Pallavolo');
INSERT INTO Candidatura VALUES('accettata','LaMiaLucille','BulletMaker','Team Alexandria','Pallavolo');
INSERT INTO Candidatura VALUES('accettata','LaMiaLucille','InfiniteArrows','Team Alexandria','Pallavolo');

INSERT INTO Candidatura VALUES('accettata','Taystee','Pennsatucky','Virtus Piscatella','Pallavolo');
INSERT INTO Candidatura VALUES('accettata','CantaStorie','Taystee','Virtus Piscatella','Pallavolo');
INSERT INTO Candidatura VALUES('accettata','Taystee','CantaStorie','Virtus Piscatella','Pallavolo');
INSERT INTO Candidatura VALUES('accettata','Taystee','Red','Virtus Piscatella','Pallavolo');
INSERT INTO Candidatura VALUES('accettata','Taystee','Morello','Virtus Piscatella','Pallavolo');
INSERT INTO Candidatura VALUES('accettata','Taystee','UsatoChePiace','Virtus Piscatella','Pallavolo');

INSERT INTO Candidatura VALUES('accettata','EhmCheSuccedeAmico?','MirameArriba','Space Jam','Pallavolo');
INSERT INTO Candidatura VALUES('accettata','MirameArriba','EhmCheSuccedeAmico?','Space Jam','Pallavolo');
INSERT INTO Candidatura VALUES('accettata','EhmCheSuccedeAmico?','MiESemblatoDiVedele','Space Jam','Pallavolo');
INSERT INTO Candidatura VALUES('accettata','EhmCheSuccedeAmico?','SuperDaffy','Space Jam','Pallavolo');
INSERT INTO Candidatura VALUES('accettata','EhmCheSuccedeAmico?','AcmeFanBoy','Space Jam','Pallavolo');
INSERT INTO Candidatura VALUES('accettata','EhmCheSuccedeAmico?','BipBip','Space Jam','Pallavolo');

INSERT INTO Candidatura VALUES('accettata','NamelessKing','PraiseTheSun','Izalith Deamons','Pallavolo');
INSERT INTO Candidatura VALUES('accettata','PraiseTheSun','NamelessKing','Izalith Deamons','Pallavolo');
INSERT INTO Candidatura VALUES('accettata','NamelessKing','SoEaslyForgotten','Izalith Deamons','Pallavolo');
INSERT INTO Candidatura VALUES('accettata','NamelessKing','BraveWarrior','Izalith Deamons','Pallavolo');
INSERT INTO Candidatura VALUES('accettata','NamelessKing','TheDragonDuke','Izalith Deamons','Pallavolo');
INSERT INTO Candidatura VALUES('accettata','NamelessKing','TheChosenUndead','Izalith Deamons','Pallavolo');



/* CANDIDATURE ACCETTATE -- RIFIUTATE  QUIDDICH */

INSERT INTO Candidatura VALUES('accettata','YouKnowNothing','LupoSolitario','The North Remembers','Quiddich');
INSERT INTO Candidatura VALUES('rifiutata','LaMiaLucille','YouKnowNothing','The North Remembers','Quiddich');
INSERT INTO Candidatura VALUES('accettata','YouKnowNothing','IoSonoReek','The North Remembers','Quiddich');
INSERT INTO Candidatura VALUES('accettata','YouKnowNothing','Hodor','The North Remembers','Quiddich');
INSERT INTO Candidatura VALUES('rifiutata','YouKnowNothing','PortamiDelVino','The North Remembers','Quiddich');
INSERT INTO Candidatura VALUES('accettata','YouKnowNothing','Inginocchiati','The North Remembers','Quiddich');


INSERT INTO Candidatura VALUES('rifiutata','StarLord','LordThanos','Guardians of the Galaxy','Quiddich');
INSERT INTO Candidatura VALUES('accettata','YouKnowNothing','StarLord','Guardians of the Galaxy','Quiddich');
INSERT INTO Candidatura VALUES('accettata','StarLord','DontKnowWhereSoulGemIs','Guardians of the Galaxy','Quiddich');
INSERT INTO Candidatura VALUES('rifiutata','StarLord','Nebula','Guardians of the Galaxy','Quiddich');
INSERT INTO Candidatura VALUES('accettata','StarLord','Boomer','Guardians of the Galaxy','Quiddich');
INSERT INTO Candidatura VALUES('rifiutata','StarLord','IAmGroot','Guardians of the Galaxy','Quiddich');

INSERT INTO Candidatura VALUES('accettata','Pagina394','Polisucco61','Ordine della Fenice','Quiddich');
INSERT INTO Candidatura VALUES('accettata','LaMiaLucille','Pagina394','Ordine della Fenice','Quiddich');
INSERT INTO Candidatura VALUES('rifiutata','Pagina394','OhSieteNeiGuaiStaVolta','Ordine della Fenice','Quiddich');
INSERT INTO Candidatura VALUES('accettata','Pagina394','MiDispiaceNeville','Ordine della Fenice','Quiddich');
INSERT INTO Candidatura VALUES('rifiutata','Pagina394','PerchèSeguiteIRagni?','Ordine della Fenice','Quiddich');
INSERT INTO Candidatura VALUES('rifiutata','Pagina394','ElfoLibero','Ordine della Fenice','Quiddich');

INSERT INTO Candidatura VALUES('accettata','HobbitCoraggioso','PiediPiatti','Compagnia dell''anello','Quiddich');
INSERT INTO Candidatura VALUES('rifiutata','StupidiNani','HobbitCoraggioso','Compagnia dell''anello','Quiddich');
INSERT INTO Candidatura VALUES('accettata','HobbitCoraggioso','StupidiNani','Compagnia dell''anello','Quiddich');
INSERT INTO Candidatura VALUES('accettata','HobbitCoraggioso','YouShallNotPass','Compagnia dell''anello','Quiddich');
INSERT INTO Candidatura VALUES('accettata','HobbitCoraggioso','MyTReasure','Compagnia dell''anello','Quiddich');
INSERT INTO Candidatura VALUES('accettata','HobbitCoraggioso','NonHoPiùFantasia','Compagnia dell''anello','Quiddich');

INSERT INTO Candidatura VALUES('accettata','LaMiaLucille','MortoCheCammina','Team Alexandria','Quiddich');
INSERT INTO Candidatura VALUES('accettata','YouKnowNothing','LaMiaLucille','Team Alexandria','Quiddich');
INSERT INTO Candidatura VALUES('accettata','LaMiaLucille','MercyPrevailsWrath','Team Alexandria','Quiddich');
INSERT INTO Candidatura VALUES('accettata','LaMiaLucille','RealLeader','Team Alexandria','Quiddich');
INSERT INTO Candidatura VALUES('accettata','LaMiaLucille','BulletMaker','Team Alexandria','Quiddich');
INSERT INTO Candidatura VALUES('accettata','LaMiaLucille','InfiniteArrows','Team Alexandria','Quiddich');

INSERT INTO Candidatura VALUES('rifiutata','Taystee','Pennsatucky','Virtus Piscatella','Quiddich');
INSERT INTO Candidatura VALUES('accettata','CantaStorie','Taystee','Virtus Piscatella','Quiddich');
INSERT INTO Candidatura VALUES('rifiutata','Taystee','CantaStorie','Virtus Piscatella','Quiddich');
INSERT INTO Candidatura VALUES('accettata','Taystee','Red','Virtus Piscatella','Quiddich');
INSERT INTO Candidatura VALUES('accettata','Taystee','Morello','Virtus Piscatella','Quiddich');
INSERT INTO Candidatura VALUES('rifiutata','Taystee','UsatoChePiace','Virtus Piscatella','Quiddich');

INSERT INTO Candidatura VALUES('rifiutata','EhmCheSuccedeAmico?','MirameArriba','Space Jam','Quiddich');
INSERT INTO Candidatura VALUES('accettata','MirameArriba','EhmCheSuccedeAmico?','Space Jam','Quiddich');
INSERT INTO Candidatura VALUES('rifiutata','EhmCheSuccedeAmico?','MiESemblatoDiVedele','Space Jam','Quiddich');
INSERT INTO Candidatura VALUES('accettata','EhmCheSuccedeAmico?','SuperDaffy','Space Jam','Quiddich');
INSERT INTO Candidatura VALUES('rifiutata','EhmCheSuccedeAmico?','AcmeFanBoy','Space Jam','Quiddich');
INSERT INTO Candidatura VALUES('accettata','EhmCheSuccedeAmico?','BipBip','Space Jam','Quiddich');

INSERT INTO Candidatura VALUES('accettata','NamelessKing','PraiseTheSun','Izalith Deamons','Quiddich');
INSERT INTO Candidatura VALUES('accettata','PraiseTheSun','NamelessKing','Izalith Deamons','Quiddich');
INSERT INTO Candidatura VALUES('accettata','NamelessKing','SoEaslyForgotten','Izalith Deamons','Quiddich');
INSERT INTO Candidatura VALUES('accettata','NamelessKing','BraveWarrior','Izalith Deamons','Quiddich');
INSERT INTO Candidatura VALUES('accettata','NamelessKing','TheDragonDuke','Izalith Deamons','Quiddich');
INSERT INTO Candidatura VALUES('accettata','NamelessKing','TheChosenUndead','Izalith Deamons','Quiddich');
INSERT INTO Candidatura VALUES('accettata','YouKnowNothing','BlueMeth22','Ordine della Fenice','Quiddich');




/*///////////////////////////////TORNEO DI CALCIO /////////////////////////////////////////////////////////////////////
Partite :
	quarti finale :
	Guardiani vs North  1- 4
	Ordine vs Compagnia  2 - 3
	Team Alexandria vs Virtus Piscatella 1 - 2
	Space Jam vs Izalith 2 - 5
	semifinali:
	North vs Compagnia 2 - 0
	Izalith vs Piscatella 3 - 4
	finale:
	North vs Piscatella 1 - 2
	______________________________________________________
	QUESTI DATI SONO UTILI PER IL TESTING POST PRODUZIONE
///////////////////////////////////////////////////////////////////////////////////////////////////////////////////////// */

INSERT INTO Torneo VALUES (00001,'È vietato uccidere','un torneo divertente!','eliminazione diretta','Calcio','Olivander wand',
						  'Coppa tre maghi','a squadre','YouKnowNothing');

INSERT INTO IscrittoATorneo VALUES (00001,'YouKnowNothing');
INSERT INTO IscrittoATorneo VALUES (00001,'LupoSolitario');
INSERT INTO IscrittoATorneo VALUES (00001,'Inginocchiati');
INSERT INTO IscrittoATorneo VALUES (00001,'PortamiDelVino');
INSERT INTO IscrittoATorneo VALUES (00001,'IoSonoReek');
INSERT INTO IscrittoATorneo VALUES (00001,'Hodor');

INSERT INTO IscrittoATorneo VALUES (00001,'InfiniteArrows');
INSERT INTO IscrittoATorneo VALUES (00001,'LaMiaLucille');
INSERT INTO IscrittoATorneo VALUES (00001,'MercyPrevailsWrath');
INSERT INTO IscrittoATorneo VALUES (00001,'BulletMaker');
INSERT INTO IscrittoATorneo VALUES (00001,'RealLeader');
INSERT INTO IscrittoATorneo VALUES (00001,'MortoCheCammina');

INSERT INTO IscrittoATorneo VALUES (00001,'NamelessKing');
INSERT INTO IscrittoATorneo VALUES (00001,'PraiseTheSun');
INSERT INTO IscrittoATorneo VALUES (00001,'SoEaslyForgotten');
INSERT INTO IscrittoATorneo VALUES (00001,'TheDragonDuke');
INSERT INTO IscrittoATorneo VALUES (00001,'TheChosenUndead');
INSERT INTO IscrittoATorneo VALUES (00001,'BraveWarrior');

INSERT INTO IscrittoATorneo VALUES (00001,'PiediPiatti');
INSERT INTO IscrittoATorneo VALUES (00001,'NonHoPiùFantasia');
INSERT INTO IscrittoATorneo VALUES (00001,'YouShallNotPass');
INSERT INTO IscrittoATorneo VALUES (00001,'MyTReasure');
INSERT INTO IscrittoATorneo VALUES (00001,'HobbitCoraggioso');
INSERT INTO IscrittoATorneo VALUES (00001,'StupidiNani');

INSERT INTO IscrittoATorneo VALUES (00001,'MiESemblatoDiVedele');
INSERT INTO IscrittoATorneo VALUES (00001,'EhmCheSuccedeAmico?');
INSERT INTO IscrittoATorneo VALUES (00001,'SuperDaffy');
INSERT INTO IscrittoATorneo VALUES (00001,'MirameArriba');
INSERT INTO IscrittoATorneo VALUES (00001,'AcmeFanBoy');
INSERT INTO IscrittoATorneo VALUES (00001,'BipBip');

INSERT INTO IscrittoATorneo VALUES (00001,'Taystee');
INSERT INTO IscrittoATorneo VALUES (00001,'UsatoChePiace');
INSERT INTO IscrittoATorneo VALUES (00001,'CantaStorie');
INSERT INTO IscrittoATorneo VALUES (00001,'Red');
INSERT INTO IscrittoATorneo VALUES (00001,'Morello');
INSERT INTO IscrittoATorneo VALUES (00001,'Pennsatucky');

INSERT INTO IscrittoATorneo VALUES (00001,'MiDispiaceNeville');
INSERT INTO IscrittoATorneo VALUES (00001,'Polisucco61');
INSERT INTO IscrittoATorneo VALUES (00001,'Pagina394');
INSERT INTO IscrittoATorneo VALUES (00001,'OhSieteNeiGuaiStaVolta');
INSERT INTO IscrittoATorneo VALUES (00001,'ElfoLibero');
INSERT INTO IscrittoATorneo VALUES (00001,'PerchèSeguiteIRagni?');

INSERT INTO IscrittoATorneo VALUES (00001,'StarLord');
INSERT INTO IscrittoATorneo VALUES (00001,'Boomer');
INSERT INTO IscrittoATorneo VALUES (00001,'IAmGroot');
INSERT INTO IscrittoATorneo VALUES (00001,'DontKnowWhereSoulGemIs');
INSERT INTO IscrittoATorneo VALUES (00001,'Nebula');
INSERT INTO IscrittoATorneo VALUES (00001,'LordThanos');

INSERT INTO IscrittoATorneo VALUES (00001,'Sociopath');
INSERT INTO IscrittoATorneo VALUES (00001,'Sherlocked');
INSERT INTO IscrittoATorneo VALUES (00001,'CavaliereCipolla');
INSERT INTO IscrittoATorneo VALUES (00001,'EriComeUnFratello');



INSERT INTO PartecipaATorneo VALUES (00001,'The North Remembers','Calcio');
INSERT INTO PartecipaATorneo VALUES (00001,'Guardians of the Galaxy','Calcio');
INSERT INTO PartecipaATorneo VALUES (00001,'Ordine della Fenice','Calcio');
INSERT INTO PartecipaATorneo VALUES (00001,'Compagnia dell''anello','Calcio');
INSERT INTO PartecipaATorneo VALUES (00001,'Space Jam','Calcio');
INSERT INTO PartecipaATorneo VALUES (00001,'Izalith Deamons','Calcio');
INSERT INTO PartecipaATorneo VALUES (00001,'Virtus Piscatella','Calcio');
INSERT INTO PartecipaATorneo VALUES (00001,'Team Alexandria','Calcio');


--quarti finale--
INSERT INTO Evento VALUES(15689,'08/01/2018','chiuso',90,'Accademia Beauxbaton','Calcio','a squadre','EriComeUnFratello');--guard vs north
INSERT INTO Evento VALUES(15690,'08/01/2018','chiuso',90,'Terminus','Calcio','a squadre','Sociopath'); --ordine vs compagnia
INSERT INTO Evento VALUES(15691,'08/01/2018','chiuso',90,'Castel Granito','Calcio','a squadre','IlDottore'); -- alex vs piscatella
INSERT INTO Evento VALUES(15692,'08/01/2018','chiuso',90,'La Terra di mezzo','Calcio','a squadre','IlDottore');-- space vs izalith
--semifinale
INSERT INTO Evento VALUES(15693,'09/01/2018','chiuso',90,'Accademia Beauxbaton','Calcio','a squadre','EriComeUnFratello'); --north vs compagnia
INSERT INTO Evento VALUES(15694,'09/01/2018','chiuso',90,'Terminus','Calcio','a squadre','Sociopath');-- izalith vs piscatella

--finale
INSERT INTO Evento VALUES(15695,'15/01/2018','chiuso',90,'Castel Granito','Calcio','a squadre','EriComeUnFratello');--piscatella vs north



INSERT INTO EventoInTorneo VALUES(00001,15689,'quarti di finale');
INSERT INTO EventoInTorneo VALUES(00001,15690,'quarti di finale');
INSERT INTO EventoInTorneo VALUES(00001,15691,'quarti di finale');
INSERT INTO EventoInTorneo VALUES(00001,15692,'quarti di finale');
INSERT INTO EventoInTorneo VALUES(00001,15693,'semifinale');
INSERT INTO EventoInTorneo VALUES(00001,15694,'semifinale');
INSERT INTO EventoInTorneo VALUES(00001,15695,'finale');

INSERT INTO Iscrizione VALUES ('07/01/2018','confermato','CavaliereCipolla',15689,'arbitro');
INSERT INTO Iscrizione VALUES ('07/01/2018','confermato','BlueMeth22',15690,'arbitro');
INSERT INTO Iscrizione VALUES ('07/01/2018','confermato','Sherlocked',15691,'arbitro');
INSERT INTO Iscrizione VALUES ('07/01/2018','confermato','Sociopath',15692,'arbitro');
INSERT INTO Iscrizione VALUES ('07/01/2018','confermato','Sociopath',15693,'arbitro');
INSERT INTO Iscrizione VALUES ('07/01/2018','confermato','CavaliereCipolla',15694,'arbitro');
INSERT INTO Iscrizione VALUES ('07/01/2018','confermato','Sherlocked',15695,'arbitro');



INSERT INTO SquadraPartecipaEv VALUES('Guardians of the Galaxy','Calcio',15689);
INSERT INTO SquadraPartecipaEv VALUES('The North Remembers','Calcio',15689);
INSERT INTO SquadraPartecipaEv VALUES('Ordine della Fenice','Calcio',15690);
INSERT INTO SquadraPartecipaEv VALUES('Compagnia dell''anello','Calcio',15690);
INSERT INTO SquadraPartecipaEv VALUES('Team Alexandria','Calcio',15691);
INSERT INTO SquadraPartecipaEv VALUES('Virtus Piscatella','Calcio',15691);
INSERT INTO SquadraPartecipaEv VALUES('Space Jam','Calcio',15692);
INSERT INTO SquadraPartecipaEv VALUES('Izalith Deamons','Calcio',15692);

INSERT INTO SquadraPartecipaEv VALUES('The North Remembers','Calcio',15693);
INSERT INTO SquadraPartecipaEv VALUES('Compagnia dell''anello','Calcio',15693);
INSERT INTO SquadraPartecipaEv VALUES('Izalith Deamons','Calcio',15694);
INSERT INTO SquadraPartecipaEv VALUES('Virtus Piscatella','Calcio',15694);

INSERT INTO SquadraPartecipaEv VALUES('The North Remembers','Calcio',15695);
INSERT INTO SquadraPartecipaEv VALUES('Virtus Piscatella','Calcio',15695);



INSERT INTO EsitoSquadre Values(15689,'Guardians of the Galaxy','The North Remembers','Calcio','Calcio',1,4);
INSERT INTO EsitoSquadre Values(15690,'Ordine della Fenice','Compagnia dell''anello','Calcio','Calcio',2,3);
INSERT INTO EsitoSquadre Values(15691,'Team Alexandria','Virtus Piscatella','Calcio','Calcio',1,2);
INSERT INTO EsitoSquadre Values(15692,'Space Jam','Izalith Deamons','Calcio','Calcio',2,5);

INSERT INTO EsitoSquadre Values(15693,'The North Remembers','Compagnia dell''anello','Calcio','Calcio',2,0);
INSERT INTO EsitoSquadre Values(15694,'Izalith Deamons','Virtus Piscatella','Calcio','Calcio',3,4);

INSERT INTO EsitoSquadre Values(15695,'The North Remembers','Virtus Piscatella','Calcio','Calcio',1,2);






INSERT INTO UtenteFaPunti VALUES('IAmGroot',15689, 1);
INSERT INTO UtenteFaPunti VALUES('PortamiDelVino',15689, 2);
INSERT INTO UtenteFaPunti VALUES('Inginocchiati',15689, 2);

INSERT INTO UtenteFaPunti VALUES('MyTReasure',15690, 3);
INSERT INTO UtenteFaPunti VALUES('OhSieteNeiGuaiStaVolta',15690, 1);
INSERT INTO UtenteFaPunti VALUES('ElfoLibero',15690, 1);

INSERT INTO UtenteFaPunti VALUES('MercyPrevailsWrath',15691, 1);
INSERT INTO UtenteFaPunti VALUES('Pennsatucky',15691, 2);

INSERT INTO UtenteFaPunti VALUES('SoEaslyForgotten',15692, 3);
INSERT INTO UtenteFaPunti VALUES('BraveWarrior',15692, 2);
INSERT INTO UtenteFaPunti VALUES('SuperDaffy',15692, 2);

INSERT INTO UtenteFaPunti VALUES('PortamiDelVino',15693, 1);
INSERT INTO UtenteFaPunti VALUES('YouKnowNothing',15693, 1);

INSERT INTO UtenteFaPunti VALUES('SoEaslyForgotten',15694, 2);
INSERT INTO UtenteFaPunti VALUES('TheChosenUndead',15694, 1);
INSERT INTO UtenteFaPunti VALUES('CantaStorie',15694, 2);
INSERT INTO UtenteFaPunti VALUES('Morello',15694, 2);

INSERT INTO UtenteFaPunti VALUES('LupoSolitario',15695, 1);
INSERT INTO UtenteFaPunti VALUES('Taystee',15695, 2);





/*////////////////////////////////////////// FINE TORNEO /////////////////////////////////////////////////////// */


/* ///////////////////////////////TORNEO DI PALLAVOLO ///////////////////////////////////////////////////////////////////// 
Partite :
	quarti finale :
	Virtus vs North  80 - 55 
	Alex vs Space  70 - 68
	Izalith vs Compagnia 88- 20
	Guardiani vs Ordine 45 - 30
	semifinali:
	Virtus vs Alex 60 - 57
	Izalith vs Guardiani 67 - 53
	finale:
	Izalith vs Piscatella 99 - 98
	______________________________________________________
	QUESTI DATI SONO UTILI PER IL TESTING POST PRODUZIONE
/////////////////////////////////////////////////////////////////////////////////////////////////////////////////////////// */

INSERT INTO Torneo VALUES (00002,'non ci sono regole','Dinckleberg!','eliminazione diretta','Pallavolo','Gotta catch''em all',
						  'Coppa di gelato','a squadre','LaMiaLucille');


INSERT INTO IscrittoATorneo VALUES (00002,'YouKnowNothing');
INSERT INTO IscrittoATorneo VALUES (00002,'LupoSolitario');
INSERT INTO IscrittoATorneo VALUES (00002,'Inginocchiati');
INSERT INTO IscrittoATorneo VALUES (00002,'PortamiDelVino');
INSERT INTO IscrittoATorneo VALUES (00002,'IoSonoReek');
INSERT INTO IscrittoATorneo VALUES (00002,'Hodor');

INSERT INTO IscrittoATorneo VALUES (00002,'InfiniteArrows');
INSERT INTO IscrittoATorneo VALUES (00002,'LaMiaLucille');
INSERT INTO IscrittoATorneo VALUES (00002,'MercyPrevailsWrath');
INSERT INTO IscrittoATorneo VALUES (00002,'BulletMaker');
INSERT INTO IscrittoATorneo VALUES (00002,'RealLeader');
INSERT INTO IscrittoATorneo VALUES (00002,'MortoCheCammina');

INSERT INTO IscrittoATorneo VALUES (00002,'NamelessKing');
INSERT INTO IscrittoATorneo VALUES (00002,'PraiseTheSun');
INSERT INTO IscrittoATorneo VALUES (00002,'SoEaslyForgotten');
INSERT INTO IscrittoATorneo VALUES (00002,'TheDragonDuke');
INSERT INTO IscrittoATorneo VALUES (00002,'TheChosenUndead');
INSERT INTO IscrittoATorneo VALUES (00002,'BraveWarrior');

INSERT INTO IscrittoATorneo VALUES (00002,'PiediPiatti');
INSERT INTO IscrittoATorneo VALUES (00002,'NonHoPiùFantasia');
INSERT INTO IscrittoATorneo VALUES (00002,'YouShallNotPass');
INSERT INTO IscrittoATorneo VALUES (00002,'MyTReasure');
INSERT INTO IscrittoATorneo VALUES (00002,'HobbitCoraggioso');
INSERT INTO IscrittoATorneo VALUES (00002,'StupidiNani');

INSERT INTO IscrittoATorneo VALUES (00002,'MiESemblatoDiVedele');
INSERT INTO IscrittoATorneo VALUES (00002,'EhmCheSuccedeAmico?');
INSERT INTO IscrittoATorneo VALUES (00002,'SuperDaffy');
INSERT INTO IscrittoATorneo VALUES (00002,'MirameArriba');
INSERT INTO IscrittoATorneo VALUES (00002,'AcmeFanBoy');
INSERT INTO IscrittoATorneo VALUES (00002,'BipBip');

INSERT INTO IscrittoATorneo VALUES (00002,'Taystee');
INSERT INTO IscrittoATorneo VALUES (00002,'UsatoChePiace');
INSERT INTO IscrittoATorneo VALUES (00002,'CantaStorie');
INSERT INTO IscrittoATorneo VALUES (00002,'Red');
INSERT INTO IscrittoATorneo VALUES (00002,'Morello');
INSERT INTO IscrittoATorneo VALUES (00002,'Pennsatucky');

INSERT INTO IscrittoATorneo VALUES (00002,'MiDispiaceNeville');
INSERT INTO IscrittoATorneo VALUES (00002,'Polisucco61');
INSERT INTO IscrittoATorneo VALUES (00002,'Pagina394');
INSERT INTO IscrittoATorneo VALUES (00002,'OhSieteNeiGuaiStaVolta');
INSERT INTO IscrittoATorneo VALUES (00002,'ElfoLibero');
INSERT INTO IscrittoATorneo VALUES (00002,'PerchèSeguiteIRagni?');

INSERT INTO IscrittoATorneo VALUES (00002,'StarLord');
INSERT INTO IscrittoATorneo VALUES (00002,'Boomer');
INSERT INTO IscrittoATorneo VALUES (00002,'IAmGroot');
INSERT INTO IscrittoATorneo VALUES (00002,'DontKnowWhereSoulGemIs');
INSERT INTO IscrittoATorneo VALUES (00002,'Nebula');
INSERT INTO IscrittoATorneo VALUES (00002,'LordThanos');

INSERT INTO IscrittoATorneo VALUES (00002,'Sociopath');
INSERT INTO IscrittoATorneo VALUES (00002,'Sherlocked');
INSERT INTO IscrittoATorneo VALUES (00002,'CavaliereCipolla');
INSERT INTO IscrittoATorneo VALUES (00002,'EriComeUnFratello');





INSERT INTO PartecipaATorneo VALUES (00002,'The North Remembers','Pallavolo');
INSERT INTO PartecipaATorneo VALUES (00002,'Guardians of the Galaxy','Pallavolo');
INSERT INTO PartecipaATorneo VALUES (00002,'Ordine della Fenice','Pallavolo');
INSERT INTO PartecipaATorneo VALUES (00002,'Compagnia dell''anello','Pallavolo');
INSERT INTO PartecipaATorneo VALUES (00002,'Space Jam','Pallavolo');
INSERT INTO PartecipaATorneo VALUES (00002,'Izalith Deamons','Pallavolo');
INSERT INTO PartecipaATorneo VALUES (00002,'Virtus Piscatella','Pallavolo');
INSERT INTO PartecipaATorneo VALUES (00002,'Team Alexandria','Pallavolo');


--quarti finale--
INSERT INTO Evento VALUES(16689,'15/06/2018','chiuso',60,'Accademia Beauxbaton','Pallavolo','a squadre','IlDottore');
INSERT INTO Evento VALUES(16690,'15/06/2018','chiuso',60,'Terminus','Pallavolo','a squadre','Sociopath'); 
INSERT INTO Evento VALUES(16691,'15/06/2018','chiuso',60,'Castel Granito','Pallavolo','a squadre','LaMiaLucille'); 
INSERT INTO Evento VALUES(16692,'15/06/2018','chiuso',60,'La Terra di mezzo','Pallavolo','a squadre','IlDottore');
--semifinale'
INSERT INTO Evento VALUES(16693,'17/06/2018','chiuso',60,'Accademia Beauxbaton','Pallavolo','a squadre','LaMiaLucille'); 
INSERT INTO Evento VALUES(16694,'17/06/2018','chiuso',60,'Terminus','Pallavolo','a squadre','Sociopath');

--finale
INSERT INTO Evento VALUES(16695,'24/06/2018','chiuso',60,'Castel Granito','Pallavolo','a squadre','IlDottore');


INSERT INTO EventoInTorneo VALUES(00002,16689,'quarti di finale');
INSERT INTO EventoInTorneo VALUES(00002,16690,'quarti di finale');
INSERT INTO EventoInTorneo VALUES(00002,16691,'quarti di finale');
INSERT INTO EventoInTorneo VALUES(00002,16692,'quarti di finale');
INSERT INTO EventoInTorneo VALUES(00002,16693,'semifinale');
INSERT INTO EventoInTorneo VALUES(00002,16694,'semifinale');
INSERT INTO EventoInTorneo VALUES(00002,16695,'finale');


INSERT INTO Iscrizione VALUES ('07/06/2018','confermato','CavaliereCipolla',16689,'arbitro');
INSERT INTO Iscrizione VALUES ('07/06/2018','confermato','BlueMeth22',16690,'arbitro');
INSERT INTO Iscrizione VALUES ('07/06/2018','confermato','Sherlocked',16691,'arbitro');
INSERT INTO Iscrizione VALUES ('07/06/2018','confermato','Sociopath',16692,'arbitro');
INSERT INTO Iscrizione VALUES ('07/06/2018','confermato','Sociopath',16693,'arbitro');
INSERT INTO Iscrizione VALUES ('07/06/2018','confermato','CavaliereCipolla',16694,'arbitro');
INSERT INTO Iscrizione VALUES ('07/06/2018','confermato','Sherlocked',16695,'arbitro');




INSERT INTO SquadraPartecipaEv VALUES('Virtus Piscatella','Pallavolo',16689); 
INSERT INTO SquadraPartecipaEv VALUES('The North Remembers','Pallavolo',16689);
INSERT INTO SquadraPartecipaEv VALUES('Team Alexandria','Pallavolo',16690);
INSERT INTO SquadraPartecipaEv VALUES('Space Jam','Pallavolo',16690);
INSERT INTO SquadraPartecipaEv VALUES('Izalith Deamons','Pallavolo',16691);
INSERT INTO SquadraPartecipaEv VALUES('Compagnia dell''anello','Pallavolo',16691);
INSERT INTO SquadraPartecipaEv VALUES('Guardians of the Galaxy','Pallavolo',16692);
INSERT INTO SquadraPartecipaEv VALUES('Ordine della Fenice','Pallavolo',16692);

INSERT INTO SquadraPartecipaEv VALUES('Virtus Piscatella','Pallavolo',16693);
INSERT INTO SquadraPartecipaEv VALUES('Team Alexandria','Pallavolo',16693);
INSERT INTO SquadraPartecipaEv VALUES('Izalith Deamons','Pallavolo',16694);
INSERT INTO SquadraPartecipaEv VALUES('Guardians of the Galaxy','Pallavolo',16694);

INSERT INTO SquadraPartecipaEv VALUES('Izalith Deamons','Pallavolo',16695);
INSERT INTO SquadraPartecipaEv VALUES('Virtus Piscatella','Pallavolo',16695);



INSERT INTO EsitoSquadre VALUES(16689,'Virtus Piscatella','The North Remembers','Pallavolo','Pallavolo',80,55); -- si intende 3 set a 1
INSERT INTO EsitoSquadre VALUES(16690,'Team Alexandria','Space Jam','Pallavolo','Pallavolo',70,68);
INSERT INTO EsitoSquadre VALUES(16691,'Izalith Deamons','Compagnia dell''anello','Pallavolo','Pallavolo',88,20);
INSERT INTO EsitoSquadre VALUES(16692,'Guardians of the Galaxy','Ordine della Fenice','Pallavolo','Pallavolo',45,30);

INSERT INTO EsitoSquadre VALUES(16693,'Virtus Piscatella','Team Alexandria','Pallavolo','Pallavolo',60,57);
INSERT INTO EsitoSquadre VALUES(16694,'Izalith Deamons','Guardians of the Galaxy','Pallavolo','Pallavolo',67,53);

INSERT INTO EsitoSquadre VALUES(16695,'Izalith Deamons','Virtus Piscatella','Pallavolo','Pallavolo',99,98);






INSERT INTO UtenteFaPunti VALUES('LupoSolitario',16689, 40);
INSERT INTO UtenteFaPunti VALUES('IoSonoReek',16689, 10);
INSERT INTO UtenteFaPunti VALUES('YouKnowNothing',16689, 5);
INSERT INTO UtenteFaPunti VALUES('Red',16689, 22);
INSERT INTO UtenteFaPunti VALUES('CantaStorie',16689, 18);
INSERT INTO UtenteFaPunti VALUES('Morello',16689, 40);

INSERT INTO UtenteFaPunti VALUES('LaMiaLucille',16690, 45);
INSERT INTO UtenteFaPunti VALUES('MercyPrevailsWrath',16690, 25);
INSERT INTO UtenteFaPunti VALUES('EhmCheSuccedeAmico?',16690, 30);
INSERT INTO UtenteFaPunti VALUES('SuperDaffy',16690, 38);

INSERT INTO UtenteFaPunti VALUES('TheChosenUndead',16691, 48);
INSERT INTO UtenteFaPunti VALUES('SoEaslyForgotten',16691, 40);
INSERT INTO UtenteFaPunti VALUES('HobbitCoraggioso',16691, 5);
INSERT INTO UtenteFaPunti VALUES('YouShallNotPass',16691, 15);

INSERT INTO UtenteFaPunti VALUES('StarLord',16692, 15);
INSERT INTO UtenteFaPunti VALUES('IAmGroot',16692, 30);
INSERT INTO UtenteFaPunti VALUES('OhSieteNeiGuaiStaVolta',16692, 15);
INSERT INTO UtenteFaPunti VALUES('Polisucco61',16692, 15);

INSERT INTO UtenteFaPunti VALUES('MercyPrevailsWrath',16693, 40);
INSERT INTO UtenteFaPunti VALUES('BulletMaker',16693, 17); 
INSERT INTO UtenteFaPunti VALUES('Morello',16693, 30);
INSERT INTO UtenteFaPunti VALUES('Pennsatucky',16693, 30);

INSERT INTO UtenteFaPunti VALUES('SoEaslyForgotten',16694, 29);
INSERT INTO UtenteFaPunti VALUES('TheDragonDuke',16694, 38);
INSERT INTO UtenteFaPunti VALUES('IAmGroot',16694, 40); 
INSERT INTO UtenteFaPunti VALUES('Boomer',16694, 13);


INSERT INTO UtenteFaPunti VALUES('SoEaslyForgotten',16695, 49);
INSERT INTO UtenteFaPunti VALUES('TheChosenUndead',16695, 50); 
INSERT INTO UtenteFaPunti VALUES('Red',16695, 25);
INSERT INTO UtenteFaPunti VALUES('Morello',16695, 25);
INSERT INTO UtenteFaPunti VALUES('Taystee',16695, 48);








/* ////////////////////////////////////////// FINE TORNEO /////////////////////////////////////////////////////// */



/* /////////////////////////////// TORNEO DI SCACCHI ///////////////////////////////////////////////////////////////////// 
Partite :
	quarti finale :
	Reek vs Ohsieteneiguai  2 - 0 (ASSUMO CHE SIA UN TORNEO BEST OF 3 DI SCACCHI)
	groot vs pennatucky 2 - 1
	nonhopiufantasia vs youshallnotpass 2 - 0
	MercyPrevailsWrath vs bluemeth 2 - 0
	semifinali:
	Reek vs groot 1 - 2
	nonhopiufantasia vs MercyPrevailsWrath 0 - 2
	finale:
	MercyPrevailsWrath vs Groot 1- 2
	______________________________________________________
	QUESTI DATI SONO UTILI PER IL TESTING POST PRODUZIONE
/////////////////////////////////////////////////////////////////////////////////////////////////////////////////////////// */

INSERT INTO Torneo VALUES (00003,'Wizard''s chess,best of 3','Cavallo in E5','eliminazione diretta','Scacchi','Alchimisti di Stato',
						  'Pietra Filosofale','singolo','PraiseTheSun');


INSERT INTO IscrittoATorneo VALUES (00003,'IoSonoReek');
INSERT INTO IscrittoATorneo VALUES (00003,'OhSieteNeiGuaiStaVolta');
INSERT INTO IscrittoATorneo VALUES (00003,'IAmGroot');
INSERT INTO IscrittoATorneo VALUES (00003,'Pennsatucky');
INSERT INTO IscrittoATorneo VALUES (00003,'NonHoPiùFantasia');
INSERT INTO IscrittoATorneo VALUES (00003,'YouShallNotPass');
INSERT INTO IscrittoATorneo VALUES (00003,'MercyPrevailsWrath');
INSERT INTO IscrittoATorneo VALUES (00003,'BlueMeth22');
INSERT INTO IscrittoATorneo VALUES (00003,'Sociopath');
INSERT INTO IscrittoATorneo VALUES (00003,'Sherlocked');
INSERT INTO IscrittoATorneo VALUES (00003,'CavaliereCipolla');
INSERT INTO IscrittoATorneo VALUES (00003,'EriComeUnFratello');



--quarti finale--
INSERT INTO Evento VALUES(17689,'21/03/2018','chiuso',15,'Accademia Beauxbaton','Scacchi','singolo','PraiseTheSun');
INSERT INTO Evento VALUES(17690,'21/03/2018','chiuso',15,'Terminus','Scacchi','singolo','Taystee'); 
INSERT INTO Evento VALUES(17691,'21/03/2018','chiuso',15,'Castel Granito','Scacchi','singolo','Taystee'); 
INSERT INTO Evento VALUES(17692,'21/03/2018','chiuso',15,'La Terra di mezzo','Scacchi','singolo','Taystee');
--semifinale
INSERT INTO Evento VALUES(17693,'25/3/2018','chiuso',15,'Accademia Beauxbaton','Scacchi','singolo','PraiseTheSun'); 
INSERT INTO Evento VALUES(17694,'25/03/2018','chiuso',15,'Terminus','Scacchi','singolo','Taystee');

--finale
INSERT INTO Evento VALUES(17695,'29/03/2018','chiuso',15,'Castel Granito','Scacchi','singolo','PraiseTheSun');

INSERT INTO EventoInTorneo VALUES(00003,17689,'quarti di finale');
INSERT INTO EventoInTorneo VALUES(00003,17690,'quarti di finale');
INSERT INTO EventoInTorneo VALUES(00003,17691,'quarti di finale');
INSERT INTO EventoInTorneo VALUES(00003,17692,'quarti di finale');
INSERT INTO EventoInTorneo VALUES(00003,17693,'semifinale');
INSERT INTO EventoInTorneo VALUES(00003,17694,'semifinale');
INSERT INTO EventoInTorneo VALUES(00003,17695,'finale');


/*
data date,
stato varchar(20) not null,
studente varchar(25) not null,
evento numeric(8) not null,*/


INSERT INTO Iscrizione VALUES ('18/02/2018','confermato','IoSonoReek',17689,'giocatore');
INSERT INTO Iscrizione VALUES ('18/02/2018','confermato','OhSieteNeiGuaiStaVolta',17689,'giocatore');
INSERT INTO Iscrizione VALUES ('18/02/2018','confermato','IAmGroot',17690,'giocatore');
INSERT INTO Iscrizione VALUES ('18/02/2018','confermato','Pennsatucky',17690,'giocatore');
INSERT INTO Iscrizione VALUES ('18/02/2018','confermato','NonHoPiùFantasia',17691,'giocatore');
INSERT INTO Iscrizione VALUES ('18/02/2018','confermato','YouShallNotPass',17691,'giocatore');
INSERT INTO Iscrizione VALUES ('18/02/2018','confermato','BlueMeth22',17692,'giocatore');
INSERT INTO Iscrizione VALUES ('18/02/2018','confermato','MercyPrevailsWrath',17692,'giocatore');

INSERT INTO Iscrizione VALUES ('23/02/2018','confermato','IoSonoReek',17693,'giocatore');
INSERT INTO Iscrizione VALUES ('23/02/2018','confermato','IAmGroot',17693,'giocatore');
INSERT INTO Iscrizione VALUES ('23/02/2018','confermato','NonHoPiùFantasia',17694,'giocatore');
INSERT INTO Iscrizione VALUES ('23/02/2018','confermato','MercyPrevailsWrath',17694,'giocatore');

INSERT INTO Iscrizione VALUES ('27/02/2018','confermato','IAmGroot',17695,'giocatore');
INSERT INTO Iscrizione VALUES ('27/02/2018','confermato','MercyPrevailsWrath',17695,'giocatore');

INSERT INTO Iscrizione VALUES ('07/02/2018','confermato','CavaliereCipolla',17689,'arbitro');
INSERT INTO Iscrizione VALUES ('07/02/2018','confermato','EriComeUnFratello',17690,'arbitro');
INSERT INTO Iscrizione VALUES ('07/02/2018','confermato','Sherlocked',17691,'arbitro');
INSERT INTO Iscrizione VALUES ('07/02/2018','confermato','Sociopath',17692,'arbitro');
INSERT INTO Iscrizione VALUES ('07/02/2018','confermato','Sociopath',17693,'arbitro');
INSERT INTO Iscrizione VALUES ('07/02/2018','confermato','CavaliereCipolla',17694,'arbitro');
INSERT INTO Iscrizione VALUES ('07/02/2018','confermato','Sherlocked',17695,'arbitro');




INSERT INTO EsitoSingolo VALUES (17689,'IoSonoReek',2,'OhSieteNeiGuaiStaVolta',0);
INSERT INTO EsitoSingolo VALUES (17690,'IAmGroot',2,'Pennsatucky',1);
INSERT INTO EsitoSingolo VALUES (17691,'NonHoPiùFantasia',2,'YouShallNotPass',0);
INSERT INTO EsitoSingolo VALUES (17692,'BlueMeth22',0,'MercyPrevailsWrath',2);

INSERT INTO EsitoSingolo VALUES (17693,'IoSonoReek',1,'IAmGroot',2);
INSERT INTO EsitoSingolo VALUES (17694,'NonHoPiùFantasia',0,'MercyPrevailsWrath',2);


INSERT INTO EsitoSingolo VALUES (17695,'IAmGroot',2,'MercyPrevailsWrath',1);






/* ////////////////////////////////////////// FINE TORNEO /////////////////////////////////////////////////////// */



INSERT INTO  Forum values ('Informatica','Calcio');
INSERT INTO  Forum values ('Informatica','Pallavolo');
INSERT INTO  Forum values ('Informatica','Scacchi');
INSERT INTO  Forum values ('Informatica','Quiddich');
INSERT INTO  Forum values ('Chimica','Calcio');
INSERT INTO  Forum values ('Chimica','Pallavolo');
INSERT INTO  Forum values ('Chimica','Scacchi');
INSERT INTO  Forum values ('Chimica','Quiddich');
INSERT INTO  Forum values ('Stregoneria','Calcio');
INSERT INTO  Forum values ('Stregoneria','Pallavolo');
INSERT INTO  Forum values ('Stregoneria','Scacchi');
INSERT INTO  Forum values ('Stregoneria','Quiddich');
INSERT INTO  Forum values ('Filosofia','Calcio');
INSERT INTO  Forum values ('Filosofia','Pallavolo');
INSERT INTO  Forum values ('Filosofia','Scacchi');
INSERT INTO  Forum values ('Filosofia','Quiddich');
INSERT INTO  Forum values ('Economia','Calcio');
INSERT INTO  Forum values ('Economia','Pallavolo');
INSERT INTO  Forum values ('Economia','Scacchi');
INSERT INTO  Forum values ('Economia','Quiddich');


INSERT INTO Post values ('01/11/2008','come si fa una domanda?',false,'NonHoPiùFantasia','Stregoneria','Calcio');
INSERT INTO Post values ('01/11/2008','non lo so, ma tu sai come si rispone?',false,'LordThanos','Stregoneria','Calcio');
INSERT INTO Post values ('03/12/2011','Potter è un mezzosangue',false,'Pagina394','Informatica','Pallavolo');
INSERT INTO Post values ('10/02/2012','IO SONO GROOT',false,'IAmGroot','Economia','Scacchi');
INSERT INTO Post values ('10/02/2012','Groot smettila di usare il computer',false,'StarLord','Economia','Scacchi');
INSERT INTO Post values ('12/04/2016','è vero che non so niente, ma secondo me questo forum è obsoleto',false,'YouKnowNothing','Chimica','Quiddich');








/*  
                        error --> Premium Creator, correct it (test it before uploading)
                        
                        
INSERT INTO Squadra VALUES('I messicani', 'Calcio', 'Machete', 30,15, 'giallo', 'Los hermanos cansados');
INSERT INTO Squadra VALUES('Tardis', 'Calcio', 'IlDottore', 30,15,'blu', 'Mai una gioia');
INSERT INTO Squadra VALUES('Gli ultimi ad essere scelti', 'Calcio', 'CavaliereCipolla', 30,15,'bianco', 'Quelli che non erano bravi a ginnastica');
INSERT INTO Squadra VALUES('I messicani', 'Pallavolo', 'Machete', 20,12, 'giallo', 'Los hermanos cansados');
INSERT INTO Squadra VALUES('Tardis', 'Pallavolo', 'IlDottore', 20,12,'blu', 'Mai una gioia');
INSERT INTO Squadra VALUES('Gli ultimi ad essere scelti', 'Pallavolo', 'CavaliereCipolla',20,12,'bianco', 'Quelli che non erano bravi a ginnastica');
INSERT INTO Squadra VALUES('Il lato oscuro', 'Pallavolo', 'DarkLord', 20,12,'nero','We have cookies');
INSERT INTO Squadra VALUES('Il lato oscuro', 'Calcio', 'DarkLord', 30,15,'nero','We have cookies');
INSERT INTO Squadra VALUES('Il lato oscuro', 'Quiddich', 'DarkLord', 12,8,'nero','We have cookies');
INSERT INTO Squadra VALUES('I messicani', 'Quiddich', 'Machete', 12,8, 'giallo', 'Los hermanos cansados');
INSERT INTO Squadra VALUES('Tardis', 'Quiddich', 'IlDottore', 12,8,'blu', 'Mai una gioia');
INSERT INTO Squadra VALUES('Gli ultimi ad essere scelti', 'Quiddich', 'CavaliereCipolla', 12,8,'bianco', 'Quelli che non erano bravi a ginnastica');
*/

